concelho_code,concelho,district,observed_on,metric,value,n,suppressed
0101,Águeda,Aveiro,2026-10-03,agencies,33,246,False
0101,Águeda,Aveiro,2026-10-03,asking_vs_transaction_pct,45.2,87,False
0101,Águeda,Aveiro,2026-10-03,gross_rental_yield_pct,,5,True
0101,Águeda,Aveiro,2026-10-03,ine_transaction_eur_m2,1366,,False
0101,Águeda,Aveiro,2026-10-03,listings_rent,8,8,False
0101,Águeda,Aveiro,2026-10-03,listings_sale,238,238,False
0101,Águeda,Aveiro,2026-10-03,median_asking_eur_m2_sale,1983,87,False
0101,Águeda,Aveiro,2026-10-03,median_asking_price_sale,255000,87,False
0101,Águeda,Aveiro,2026-10-03,median_days_on_market,154,204,False
0101,Águeda,Aveiro,2026-10-03,median_rent_eur_m2,,5,True
0101,Águeda,Aveiro,2026-10-03,median_rent_month,,5,True
0101,Águeda,Aveiro,2026-10-03,price_reduced_share_pct,26.5,204,False
0101,Águeda,Aveiro,2026-10-03,short_term_rental_registrations,52,,False
0101,Águeda,Aveiro,2026-10-03,top_agency_share_pct,33.3,246,False
0102,Albergaria-a-Velha,Aveiro,2026-10-03,agencies,16,85,False
0102,Albergaria-a-Velha,Aveiro,2026-10-03,asking_vs_transaction_pct,,22,True
0102,Albergaria-a-Velha,Aveiro,2026-10-03,gross_rental_yield_pct,,3,True
0102,Albergaria-a-Velha,Aveiro,2026-10-03,ine_transaction_eur_m2,1357,,False
0102,Albergaria-a-Velha,Aveiro,2026-10-03,listings_rent,5,5,False
0102,Albergaria-a-Velha,Aveiro,2026-10-03,listings_sale,80,80,False
0102,Albergaria-a-Velha,Aveiro,2026-10-03,median_asking_eur_m2_sale,,22,True
0102,Albergaria-a-Velha,Aveiro,2026-10-03,median_asking_price_sale,,22,True
0102,Albergaria-a-Velha,Aveiro,2026-10-03,median_days_on_market,153,70,False
0102,Albergaria-a-Velha,Aveiro,2026-10-03,median_rent_eur_m2,,3,True
0102,Albergaria-a-Velha,Aveiro,2026-10-03,median_rent_month,,3,True
0102,Albergaria-a-Velha,Aveiro,2026-10-03,price_reduced_share_pct,10.0,70,False
0102,Albergaria-a-Velha,Aveiro,2026-10-03,short_term_rental_registrations,46,,False
0102,Albergaria-a-Velha,Aveiro,2026-10-03,top_agency_share_pct,28.2,85,False
0103,Anadia,Aveiro,2026-10-03,agencies,23,231,False
0103,Anadia,Aveiro,2026-10-03,asking_vs_transaction_pct,63.8,81,False
0103,Anadia,Aveiro,2026-10-03,gross_rental_yield_pct,,2,True
0103,Anadia,Aveiro,2026-10-03,ine_transaction_eur_m2,941,,False
0103,Anadia,Aveiro,2026-10-03,listings_rent,5,5,False
0103,Anadia,Aveiro,2026-10-03,listings_sale,226,226,False
0103,Anadia,Aveiro,2026-10-03,median_asking_eur_m2_sale,1541,81,False
0103,Anadia,Aveiro,2026-10-03,median_asking_price_sale,235000,81,False
0103,Anadia,Aveiro,2026-10-03,median_days_on_market,222,216,False
0103,Anadia,Aveiro,2026-10-03,median_rent_eur_m2,,2,True
0103,Anadia,Aveiro,2026-10-03,median_rent_month,,2,True
0103,Anadia,Aveiro,2026-10-03,price_reduced_share_pct,18.7,214,False
0103,Anadia,Aveiro,2026-10-03,short_term_rental_registrations,77,,False
0103,Anadia,Aveiro,2026-10-03,top_agency_share_pct,21.6,231,False
0104,Arouca,Aveiro,2026-10-03,agencies,17,34,False
0104,Arouca,Aveiro,2026-10-03,asking_vs_transaction_pct,,12,True
0104,Arouca,Aveiro,2026-10-03,gross_rental_yield_pct,,0,True
0104,Arouca,Aveiro,2026-10-03,ine_transaction_eur_m2,1012,,False
0104,Arouca,Aveiro,2026-10-03,listings_rent,0,0,False
0104,Arouca,Aveiro,2026-10-03,listings_sale,34,34,False
0104,Arouca,Aveiro,2026-10-03,median_asking_eur_m2_sale,,12,True
0104,Arouca,Aveiro,2026-10-03,median_asking_price_sale,,12,True
0104,Arouca,Aveiro,2026-10-03,median_days_on_market,,29,True
0104,Arouca,Aveiro,2026-10-03,median_rent_eur_m2,,0,True
0104,Arouca,Aveiro,2026-10-03,median_rent_month,,0,True
0104,Arouca,Aveiro,2026-10-03,price_reduced_share_pct,,29,True
0104,Arouca,Aveiro,2026-10-03,short_term_rental_registrations,149,,False
0104,Arouca,Aveiro,2026-10-03,top_agency_share_pct,14.7,34,False
0105,Aveiro,Aveiro,2026-10-03,agencies,37,655,False
0105,Aveiro,Aveiro,2026-10-03,asking_vs_transaction_pct,94.3,463,False
0105,Aveiro,Aveiro,2026-10-03,gross_rental_yield_pct,3.5,30,False
0105,Aveiro,Aveiro,2026-10-03,ine_transaction_eur_m2,2329,,False
0105,Aveiro,Aveiro,2026-10-03,listings_rent,40,40,False
0105,Aveiro,Aveiro,2026-10-03,listings_sale,615,615,False
0105,Aveiro,Aveiro,2026-10-03,median_asking_eur_m2_sale,4526,463,False
0105,Aveiro,Aveiro,2026-10-03,median_asking_price_sale,425000,463,False
0105,Aveiro,Aveiro,2026-10-03,median_days_on_market,167,410,False
0105,Aveiro,Aveiro,2026-10-03,median_rent_eur_m2,13.3,30,False
0105,Aveiro,Aveiro,2026-10-03,median_rent_month,1050,30,False
0105,Aveiro,Aveiro,2026-10-03,price_reduced_share_pct,19.5,410,False
0105,Aveiro,Aveiro,2026-10-03,short_term_rental_registrations,729,,False
0105,Aveiro,Aveiro,2026-10-03,top_agency_share_pct,40.8,655,False
0106,Castelo de Paiva,Aveiro,2026-10-03,agencies,9,37,False
0106,Castelo de Paiva,Aveiro,2026-10-03,asking_vs_transaction_pct,,28,True
0106,Castelo de Paiva,Aveiro,2026-10-03,gross_rental_yield_pct,,0,True
0106,Castelo de Paiva,Aveiro,2026-10-03,ine_transaction_eur_m2,952,,False
0106,Castelo de Paiva,Aveiro,2026-10-03,listings_rent,0,0,False
0106,Castelo de Paiva,Aveiro,2026-10-03,listings_sale,37,37,False
0106,Castelo de Paiva,Aveiro,2026-10-03,median_asking_eur_m2_sale,,28,True
0106,Castelo de Paiva,Aveiro,2026-10-03,median_asking_price_sale,,28,True
0106,Castelo de Paiva,Aveiro,2026-10-03,median_days_on_market,152,34,False
0106,Castelo de Paiva,Aveiro,2026-10-03,median_rent_eur_m2,,0,True
0106,Castelo de Paiva,Aveiro,2026-10-03,median_rent_month,,0,True
0106,Castelo de Paiva,Aveiro,2026-10-03,price_reduced_share_pct,14.7,34,False
0106,Castelo de Paiva,Aveiro,2026-10-03,short_term_rental_registrations,96,,False
0106,Castelo de Paiva,Aveiro,2026-10-03,top_agency_share_pct,40.5,37,False
0107,Espinho,Aveiro,2026-10-03,agencies,24,113,False
0107,Espinho,Aveiro,2026-10-03,asking_vs_transaction_pct,25.8,62,False
0107,Espinho,Aveiro,2026-10-03,gross_rental_yield_pct,,6,True
0107,Espinho,Aveiro,2026-10-03,ine_transaction_eur_m2,2776,,False
0107,Espinho,Aveiro,2026-10-03,listings_rent,6,6,False
0107,Espinho,Aveiro,2026-10-03,listings_sale,107,107,False
0107,Espinho,Aveiro,2026-10-03,median_asking_eur_m2_sale,3492,62,False
0107,Espinho,Aveiro,2026-10-03,median_asking_price_sale,477500,62,False
0107,Espinho,Aveiro,2026-10-03,median_days_on_market,225,82,False
0107,Espinho,Aveiro,2026-10-03,median_rent_eur_m2,,6,True
0107,Espinho,Aveiro,2026-10-03,median_rent_month,,6,True
0107,Espinho,Aveiro,2026-10-03,price_reduced_share_pct,17.1,82,False
0107,Espinho,Aveiro,2026-10-03,short_term_rental_registrations,167,,False
0107,Espinho,Aveiro,2026-10-03,top_agency_share_pct,35.4,113,False
0108,Estarreja,Aveiro,2026-10-03,agencies,21,81,False
0108,Estarreja,Aveiro,2026-10-03,asking_vs_transaction_pct,64.3,43,False
0108,Estarreja,Aveiro,2026-10-03,gross_rental_yield_pct,,0,True
0108,Estarreja,Aveiro,2026-10-03,ine_transaction_eur_m2,1248,,False
0108,Estarreja,Aveiro,2026-10-03,listings_rent,1,1,False
0108,Estarreja,Aveiro,2026-10-03,listings_sale,80,80,False
0108,Estarreja,Aveiro,2026-10-03,median_asking_eur_m2_sale,2051,43,False
0108,Estarreja,Aveiro,2026-10-03,median_asking_price_sale,297000,43,False
0108,Estarreja,Aveiro,2026-10-03,median_days_on_market,158,72,False
0108,Estarreja,Aveiro,2026-10-03,median_rent_eur_m2,,0,True
0108,Estarreja,Aveiro,2026-10-03,median_rent_month,,0,True
0108,Estarreja,Aveiro,2026-10-03,price_reduced_share_pct,25.0,72,False
0108,Estarreja,Aveiro,2026-10-03,short_term_rental_registrations,29,,False
0108,Estarreja,Aveiro,2026-10-03,top_agency_share_pct,25.9,81,False
0109,Santa Maria da Feira,Aveiro,2026-10-03,agencies,46,435,False
0109,Santa Maria da Feira,Aveiro,2026-10-03,asking_vs_transaction_pct,40.6,182,False
0109,Santa Maria da Feira,Aveiro,2026-10-03,gross_rental_yield_pct,,6,True
0109,Santa Maria da Feira,Aveiro,2026-10-03,ine_transaction_eur_m2,1700,,False
0109,Santa Maria da Feira,Aveiro,2026-10-03,listings_rent,21,21,False
0109,Santa Maria da Feira,Aveiro,2026-10-03,listings_sale,414,414,False
0109,Santa Maria da Feira,Aveiro,2026-10-03,median_asking_eur_m2_sale,2391,182,False
0109,Santa Maria da Feira,Aveiro,2026-10-03,median_asking_price_sale,317000,182,False
0109,Santa Maria da Feira,Aveiro,2026-10-03,median_days_on_market,100,296,False
0109,Santa Maria da Feira,Aveiro,2026-10-03,median_rent_eur_m2,,6,True
0109,Santa Maria da Feira,Aveiro,2026-10-03,median_rent_month,,6,True
0109,Santa Maria da Feira,Aveiro,2026-10-03,price_reduced_share_pct,13.9,296,False
0109,Santa Maria da Feira,Aveiro,2026-10-03,short_term_rental_registrations,108,,False
0109,Santa Maria da Feira,Aveiro,2026-10-03,top_agency_share_pct,26.4,435,False
0110,Ílhavo,Aveiro,2026-10-03,agencies,22,190,False
0110,Ílhavo,Aveiro,2026-10-03,asking_vs_transaction_pct,26.0,98,False
0110,Ílhavo,Aveiro,2026-10-03,gross_rental_yield_pct,,12,True
0110,Ílhavo,Aveiro,2026-10-03,ine_transaction_eur_m2,2248,,False
0110,Ílhavo,Aveiro,2026-10-03,listings_rent,14,14,False
0110,Ílhavo,Aveiro,2026-10-03,listings_sale,176,176,False
0110,Ílhavo,Aveiro,2026-10-03,median_asking_eur_m2_sale,2832,98,False
0110,Ílhavo,Aveiro,2026-10-03,median_asking_price_sale,365000,99,False
0110,Ílhavo,Aveiro,2026-10-03,median_days_on_market,93,129,False
0110,Ílhavo,Aveiro,2026-10-03,median_rent_eur_m2,,12,True
0110,Ílhavo,Aveiro,2026-10-03,median_rent_month,,13,True
0110,Ílhavo,Aveiro,2026-10-03,price_reduced_share_pct,25.6,129,False
0110,Ílhavo,Aveiro,2026-10-03,short_term_rental_registrations,308,,False
0110,Ílhavo,Aveiro,2026-10-03,top_agency_share_pct,34.7,190,False
0111,Mealhada,Aveiro,2026-10-03,agencies,19,143,False
0111,Mealhada,Aveiro,2026-10-03,asking_vs_transaction_pct,43.7,51,False
0111,Mealhada,Aveiro,2026-10-03,gross_rental_yield_pct,,1,True
0111,Mealhada,Aveiro,2026-10-03,ine_transaction_eur_m2,1132,,False
0111,Mealhada,Aveiro,2026-10-03,listings_rent,1,1,False
0111,Mealhada,Aveiro,2026-10-03,listings_sale,142,142,False
0111,Mealhada,Aveiro,2026-10-03,median_asking_eur_m2_sale,1627,51,False
0111,Mealhada,Aveiro,2026-10-03,median_asking_price_sale,205000,51,False
0111,Mealhada,Aveiro,2026-10-03,median_days_on_market,229,114,False
0111,Mealhada,Aveiro,2026-10-03,median_rent_eur_m2,,1,True
0111,Mealhada,Aveiro,2026-10-03,median_rent_month,,1,True
0111,Mealhada,Aveiro,2026-10-03,price_reduced_share_pct,11.4,114,False
0111,Mealhada,Aveiro,2026-10-03,short_term_rental_registrations,35,,False
0111,Mealhada,Aveiro,2026-10-03,top_agency_share_pct,40.6,143,False
0112,Murtosa,Aveiro,2026-10-03,agencies,14,51,False
0112,Murtosa,Aveiro,2026-10-03,asking_vs_transaction_pct,,24,True
0112,Murtosa,Aveiro,2026-10-03,gross_rental_yield_pct,,1,True
0112,Murtosa,Aveiro,2026-10-03,ine_transaction_eur_m2,1406,,False
0112,Murtosa,Aveiro,2026-10-03,listings_rent,1,1,False
0112,Murtosa,Aveiro,2026-10-03,listings_sale,50,50,False
0112,Murtosa,Aveiro,2026-10-03,median_asking_eur_m2_sale,,24,True
0112,Murtosa,Aveiro,2026-10-03,median_asking_price_sale,,24,True
0112,Murtosa,Aveiro,2026-10-03,median_days_on_market,163,47,False
0112,Murtosa,Aveiro,2026-10-03,median_rent_eur_m2,,1,True
0112,Murtosa,Aveiro,2026-10-03,median_rent_month,,1,True
0112,Murtosa,Aveiro,2026-10-03,price_reduced_share_pct,29.8,47,False
0112,Murtosa,Aveiro,2026-10-03,short_term_rental_registrations,115,,False
0112,Murtosa,Aveiro,2026-10-03,top_agency_share_pct,35.3,51,False
0113,Oliveira de Azeméis,Aveiro,2026-10-03,agencies,24,258,False
0113,Oliveira de Azeméis,Aveiro,2026-10-03,asking_vs_transaction_pct,49.6,89,False
0113,Oliveira de Azeméis,Aveiro,2026-10-03,gross_rental_yield_pct,,2,True
0113,Oliveira de Azeméis,Aveiro,2026-10-03,ine_transaction_eur_m2,1412,,False
0113,Oliveira de Azeméis,Aveiro,2026-10-03,listings_rent,6,6,False
0113,Oliveira de Azeméis,Aveiro,2026-10-03,listings_sale,252,252,False
0113,Oliveira de Azeméis,Aveiro,2026-10-03,median_asking_eur_m2_sale,2112,89,False
0113,Oliveira de Azeméis,Aveiro,2026-10-03,median_asking_price_sale,265000,91,False
0113,Oliveira de Azeméis,Aveiro,2026-10-03,median_days_on_market,244,189,False
0113,Oliveira de Azeméis,Aveiro,2026-10-03,median_rent_eur_m2,,2,True
0113,Oliveira de Azeméis,Aveiro,2026-10-03,median_rent_month,,2,True
0113,Oliveira de Azeméis,Aveiro,2026-10-03,price_reduced_share_pct,13.8,189,False
0113,Oliveira de Azeméis,Aveiro,2026-10-03,short_term_rental_registrations,32,,False
0113,Oliveira de Azeméis,Aveiro,2026-10-03,top_agency_share_pct,24.0,258,False
0114,Oliveira do Bairro,Aveiro,2026-10-03,agencies,21,114,False
0114,Oliveira do Bairro,Aveiro,2026-10-03,asking_vs_transaction_pct,57.3,49,False
0114,Oliveira do Bairro,Aveiro,2026-10-03,gross_rental_yield_pct,,0,True
0114,Oliveira do Bairro,Aveiro,2026-10-03,ine_transaction_eur_m2,1358,,False
0114,Oliveira do Bairro,Aveiro,2026-10-03,listings_rent,1,1,False
0114,Oliveira do Bairro,Aveiro,2026-10-03,listings_sale,113,113,False
0114,Oliveira do Bairro,Aveiro,2026-10-03,median_asking_eur_m2_sale,2136,49,False
0114,Oliveira do Bairro,Aveiro,2026-10-03,median_asking_price_sale,265000,49,False
0114,Oliveira do Bairro,Aveiro,2026-10-03,median_days_on_market,152,102,False
0114,Oliveira do Bairro,Aveiro,2026-10-03,median_rent_eur_m2,,0,True
0114,Oliveira do Bairro,Aveiro,2026-10-03,median_rent_month,,0,True
0114,Oliveira do Bairro,Aveiro,2026-10-03,price_reduced_share_pct,18.8,101,False
0114,Oliveira do Bairro,Aveiro,2026-10-03,short_term_rental_registrations,16,,False
0114,Oliveira do Bairro,Aveiro,2026-10-03,top_agency_share_pct,32.5,114,False
0115,Ovar,Aveiro,2026-10-03,agencies,28,200,False
0115,Ovar,Aveiro,2026-10-03,asking_vs_transaction_pct,47.4,104,False
0115,Ovar,Aveiro,2026-10-03,gross_rental_yield_pct,,10,True
0115,Ovar,Aveiro,2026-10-03,ine_transaction_eur_m2,1836,,False
0115,Ovar,Aveiro,2026-10-03,listings_rent,13,13,False
0115,Ovar,Aveiro,2026-10-03,listings_sale,187,187,False
0115,Ovar,Aveiro,2026-10-03,median_asking_eur_m2_sale,2706,104,False
0115,Ovar,Aveiro,2026-10-03,median_asking_price_sale,277000,104,False
0115,Ovar,Aveiro,2026-10-03,median_days_on_market,74,170,False
0115,Ovar,Aveiro,2026-10-03,median_rent_eur_m2,,10,True
0115,Ovar,Aveiro,2026-10-03,median_rent_month,,10,True
0115,Ovar,Aveiro,2026-10-03,price_reduced_share_pct,16.6,169,False
0115,Ovar,Aveiro,2026-10-03,short_term_rental_registrations,338,,False
0115,Ovar,Aveiro,2026-10-03,top_agency_share_pct,25.5,200,False
0116,São João da Madeira,Aveiro,2026-10-03,agencies,18,169,False
0116,São João da Madeira,Aveiro,2026-10-03,asking_vs_transaction_pct,59.8,123,False
0116,São João da Madeira,Aveiro,2026-10-03,gross_rental_yield_pct,,3,True
0116,São João da Madeira,Aveiro,2026-10-03,ine_transaction_eur_m2,1836,,False
0116,São João da Madeira,Aveiro,2026-10-03,listings_rent,3,3,False
0116,São João da Madeira,Aveiro,2026-10-03,listings_sale,166,166,False
0116,São João da Madeira,Aveiro,2026-10-03,median_asking_eur_m2_sale,2934,123,False
0116,São João da Madeira,Aveiro,2026-10-03,median_asking_price_sale,266000,123,False
0116,São João da Madeira,Aveiro,2026-10-03,median_days_on_market,116,92,False
0116,São João da Madeira,Aveiro,2026-10-03,median_rent_eur_m2,,3,True
0116,São João da Madeira,Aveiro,2026-10-03,median_rent_month,,3,True
0116,São João da Madeira,Aveiro,2026-10-03,price_reduced_share_pct,3.3,92,False
0116,São João da Madeira,Aveiro,2026-10-03,short_term_rental_registrations,18,,False
0116,São João da Madeira,Aveiro,2026-10-03,top_agency_share_pct,35.5,169,False
0117,Sever do Vouga,Aveiro,2026-10-03,agencies,15,27,False
0117,Sever do Vouga,Aveiro,2026-10-03,asking_vs_transaction_pct,,10,True
0117,Sever do Vouga,Aveiro,2026-10-03,gross_rental_yield_pct,,0,True
0117,Sever do Vouga,Aveiro,2026-10-03,ine_transaction_eur_m2,786,,False
0117,Sever do Vouga,Aveiro,2026-10-03,listings_rent,0,0,False
0117,Sever do Vouga,Aveiro,2026-10-03,listings_sale,27,27,False
0117,Sever do Vouga,Aveiro,2026-10-03,median_asking_eur_m2_sale,,10,True
0117,Sever do Vouga,Aveiro,2026-10-03,median_asking_price_sale,,10,True
0117,Sever do Vouga,Aveiro,2026-10-03,median_days_on_market,,20,True
0117,Sever do Vouga,Aveiro,2026-10-03,median_rent_eur_m2,,0,True
0117,Sever do Vouga,Aveiro,2026-10-03,median_rent_month,,0,True
0117,Sever do Vouga,Aveiro,2026-10-03,price_reduced_share_pct,,20,True
0117,Sever do Vouga,Aveiro,2026-10-03,short_term_rental_registrations,68,,False
0118,Vagos,Aveiro,2026-10-03,agencies,14,110,False
0118,Vagos,Aveiro,2026-10-03,asking_vs_transaction_pct,63.4,46,False
0118,Vagos,Aveiro,2026-10-03,gross_rental_yield_pct,,1,True
0118,Vagos,Aveiro,2026-10-03,ine_transaction_eur_m2,1715,,False
0118,Vagos,Aveiro,2026-10-03,listings_rent,6,6,False
0118,Vagos,Aveiro,2026-10-03,listings_sale,104,104,False
0118,Vagos,Aveiro,2026-10-03,median_asking_eur_m2_sale,2802,46,False
0118,Vagos,Aveiro,2026-10-03,median_asking_price_sale,337916,46,False
0118,Vagos,Aveiro,2026-10-03,median_days_on_market,167,81,False
0118,Vagos,Aveiro,2026-10-03,median_rent_eur_m2,,1,True
0118,Vagos,Aveiro,2026-10-03,median_rent_month,,1,True
0118,Vagos,Aveiro,2026-10-03,price_reduced_share_pct,25.9,81,False
0118,Vagos,Aveiro,2026-10-03,short_term_rental_registrations,71,,False
0118,Vagos,Aveiro,2026-10-03,top_agency_share_pct,26.4,110,False
0119,Vale de Cambra,Aveiro,2026-10-03,agencies,14,113,False
0119,Vale de Cambra,Aveiro,2026-10-03,asking_vs_transaction_pct,-6.4,38,False
0119,Vale de Cambra,Aveiro,2026-10-03,gross_rental_yield_pct,,0,True
0119,Vale de Cambra,Aveiro,2026-10-03,ine_transaction_eur_m2,1318,,False
0119,Vale de Cambra,Aveiro,2026-10-03,listings_rent,4,4,False
0119,Vale de Cambra,Aveiro,2026-10-03,listings_sale,109,109,False
0119,Vale de Cambra,Aveiro,2026-10-03,median_asking_eur_m2_sale,1233,38,False
0119,Vale de Cambra,Aveiro,2026-10-03,median_asking_price_sale,164450,38,False
0119,Vale de Cambra,Aveiro,2026-10-03,median_days_on_market,244,105,False
0119,Vale de Cambra,Aveiro,2026-10-03,median_rent_eur_m2,,0,True
0119,Vale de Cambra,Aveiro,2026-10-03,median_rent_month,,0,True
0119,Vale de Cambra,Aveiro,2026-10-03,price_reduced_share_pct,25.7,105,False
0119,Vale de Cambra,Aveiro,2026-10-03,short_term_rental_registrations,63,,False
0119,Vale de Cambra,Aveiro,2026-10-03,top_agency_share_pct,78.8,113,False
0201,Aljustrel,Beja,2026-10-03,agencies,10,22,False
0201,Aljustrel,Beja,2026-10-03,asking_vs_transaction_pct,,13,True
0201,Aljustrel,Beja,2026-10-03,gross_rental_yield_pct,,0,True
0201,Aljustrel,Beja,2026-10-03,ine_transaction_eur_m2,890,,False
0201,Aljustrel,Beja,2026-10-03,listings_rent,2,2,False
0201,Aljustrel,Beja,2026-10-03,listings_sale,20,20,False
0201,Aljustrel,Beja,2026-10-03,median_asking_eur_m2_sale,,13,True
0201,Aljustrel,Beja,2026-10-03,median_asking_price_sale,,13,True
0201,Aljustrel,Beja,2026-10-03,median_days_on_market,,17,True
0201,Aljustrel,Beja,2026-10-03,median_rent_eur_m2,,0,True
0201,Aljustrel,Beja,2026-10-03,median_rent_month,,0,True
0201,Aljustrel,Beja,2026-10-03,price_reduced_share_pct,,17,True
0201,Aljustrel,Beja,2026-10-03,short_term_rental_registrations,21,,False
0202,Almodôvar,Beja,2026-10-03,agencies,12,19,False
0202,Almodôvar,Beja,2026-10-03,asking_vs_transaction_pct,,5,True
0202,Almodôvar,Beja,2026-10-03,gross_rental_yield_pct,,0,True
0202,Almodôvar,Beja,2026-10-03,ine_transaction_eur_m2,979,,False
0202,Almodôvar,Beja,2026-10-03,listings_rent,0,0,False
0202,Almodôvar,Beja,2026-10-03,listings_sale,19,19,False
0202,Almodôvar,Beja,2026-10-03,median_asking_eur_m2_sale,,5,True
0202,Almodôvar,Beja,2026-10-03,median_asking_price_sale,,5,True
0202,Almodôvar,Beja,2026-10-03,median_days_on_market,,11,True
0202,Almodôvar,Beja,2026-10-03,median_rent_eur_m2,,0,True
0202,Almodôvar,Beja,2026-10-03,median_rent_month,,0,True
0202,Almodôvar,Beja,2026-10-03,price_reduced_share_pct,,11,True
0202,Almodôvar,Beja,2026-10-03,short_term_rental_registrations,30,,False
0203,Alvito,Beja,2026-10-03,agencies,6,30,False
0203,Alvito,Beja,2026-10-03,asking_vs_transaction_pct,,5,True
0203,Alvito,Beja,2026-10-03,gross_rental_yield_pct,,0,True
0203,Alvito,Beja,2026-10-03,ine_transaction_eur_m2,970,,False
0203,Alvito,Beja,2026-10-03,listings_rent,0,0,False
0203,Alvito,Beja,2026-10-03,listings_sale,30,30,False
0203,Alvito,Beja,2026-10-03,median_asking_eur_m2_sale,,5,True
0203,Alvito,Beja,2026-10-03,median_asking_price_sale,,5,True
0203,Alvito,Beja,2026-10-03,median_days_on_market,,29,True
0203,Alvito,Beja,2026-10-03,median_rent_eur_m2,,0,True
0203,Alvito,Beja,2026-10-03,median_rent_month,,0,True
0203,Alvito,Beja,2026-10-03,price_reduced_share_pct,,29,True
0203,Alvito,Beja,2026-10-03,short_term_rental_registrations,25,,False
0203,Alvito,Beja,2026-10-03,top_agency_share_pct,73.3,30,False
0204,Barrancos,Beja,2026-10-03,agencies,3,3,False
0204,Barrancos,Beja,2026-10-03,gross_rental_yield_pct,,0,True
0204,Barrancos,Beja,2026-10-03,listings_rent,0,0,False
0204,Barrancos,Beja,2026-10-03,listings_sale,3,3,False
0204,Barrancos,Beja,2026-10-03,median_asking_eur_m2_sale,,3,True
0204,Barrancos,Beja,2026-10-03,median_asking_price_sale,,3,True
0204,Barrancos,Beja,2026-10-03,median_days_on_market,,2,True
0204,Barrancos,Beja,2026-10-03,median_rent_eur_m2,,0,True
0204,Barrancos,Beja,2026-10-03,median_rent_month,,0,True
0204,Barrancos,Beja,2026-10-03,price_reduced_share_pct,,2,True
0204,Barrancos,Beja,2026-10-03,short_term_rental_registrations,5,,False
0205,Beja,Beja,2026-10-03,agencies,18,57,False
0205,Beja,Beja,2026-10-03,asking_vs_transaction_pct,,25,True
0205,Beja,Beja,2026-10-03,gross_rental_yield_pct,,3,True
0205,Beja,Beja,2026-10-03,ine_transaction_eur_m2,1252,,False
0205,Beja,Beja,2026-10-03,listings_rent,4,4,False
0205,Beja,Beja,2026-10-03,listings_sale,53,53,False
0205,Beja,Beja,2026-10-03,median_asking_eur_m2_sale,,25,True
0205,Beja,Beja,2026-10-03,median_asking_price_sale,,25,True
0205,Beja,Beja,2026-10-03,median_days_on_market,134,51,False
0205,Beja,Beja,2026-10-03,median_rent_eur_m2,,3,True
0205,Beja,Beja,2026-10-03,median_rent_month,,3,True
0205,Beja,Beja,2026-10-03,price_reduced_share_pct,26.0,50,False
0205,Beja,Beja,2026-10-03,short_term_rental_registrations,103,,False
0205,Beja,Beja,2026-10-03,top_agency_share_pct,59.6,57,False
0206,Castro Verde,Beja,2026-10-03,agencies,9,9,False
0206,Castro Verde,Beja,2026-10-03,asking_vs_transaction_pct,,8,True
0206,Castro Verde,Beja,2026-10-03,gross_rental_yield_pct,,0,True
0206,Castro Verde,Beja,2026-10-03,ine_transaction_eur_m2,1095,,False
0206,Castro Verde,Beja,2026-10-03,listings_rent,0,0,False
0206,Castro Verde,Beja,2026-10-03,listings_sale,9,9,False
0206,Castro Verde,Beja,2026-10-03,median_asking_eur_m2_sale,,8,True
0206,Castro Verde,Beja,2026-10-03,median_asking_price_sale,,8,True
0206,Castro Verde,Beja,2026-10-03,median_days_on_market,,5,True
0206,Castro Verde,Beja,2026-10-03,median_rent_eur_m2,,0,True
0206,Castro Verde,Beja,2026-10-03,median_rent_month,,0,True
0206,Castro Verde,Beja,2026-10-03,price_reduced_share_pct,,5,True
0206,Castro Verde,Beja,2026-10-03,short_term_rental_registrations,32,,False
0207,Cuba,Beja,2026-10-03,agencies,4,6,False
0207,Cuba,Beja,2026-10-03,asking_vs_transaction_pct,,5,True
0207,Cuba,Beja,2026-10-03,gross_rental_yield_pct,,0,True
0207,Cuba,Beja,2026-10-03,ine_transaction_eur_m2,692,,False
0207,Cuba,Beja,2026-10-03,listings_rent,0,0,False
0207,Cuba,Beja,2026-10-03,listings_sale,6,6,False
0207,Cuba,Beja,2026-10-03,median_asking_eur_m2_sale,,5,True
0207,Cuba,Beja,2026-10-03,median_asking_price_sale,,5,True
0207,Cuba,Beja,2026-10-03,median_days_on_market,,6,True
0207,Cuba,Beja,2026-10-03,median_rent_eur_m2,,0,True
0207,Cuba,Beja,2026-10-03,median_rent_month,,0,True
0207,Cuba,Beja,2026-10-03,price_reduced_share_pct,,6,True
0207,Cuba,Beja,2026-10-03,short_term_rental_registrations,36,,False
0208,Ferreira do Alentejo,Beja,2026-10-03,agencies,15,37,False
0208,Ferreira do Alentejo,Beja,2026-10-03,asking_vs_transaction_pct,,17,True
0208,Ferreira do Alentejo,Beja,2026-10-03,gross_rental_yield_pct,,0,True
0208,Ferreira do Alentejo,Beja,2026-10-03,ine_transaction_eur_m2,841,,False
0208,Ferreira do Alentejo,Beja,2026-10-03,listings_rent,0,0,False
0208,Ferreira do Alentejo,Beja,2026-10-03,listings_sale,37,37,False
0208,Ferreira do Alentejo,Beja,2026-10-03,median_asking_eur_m2_sale,,17,True
0208,Ferreira do Alentejo,Beja,2026-10-03,median_asking_price_sale,,17,True
0208,Ferreira do Alentejo,Beja,2026-10-03,median_days_on_market,,16,True
0208,Ferreira do Alentejo,Beja,2026-10-03,median_rent_eur_m2,,0,True
0208,Ferreira do Alentejo,Beja,2026-10-03,median_rent_month,,0,True
0208,Ferreira do Alentejo,Beja,2026-10-03,price_reduced_share_pct,,16,True
0208,Ferreira do Alentejo,Beja,2026-10-03,short_term_rental_registrations,18,,False
0208,Ferreira do Alentejo,Beja,2026-10-03,top_agency_share_pct,43.2,37,False
0209,Mértola,Beja,2026-10-03,agencies,14,22,False
0209,Mértola,Beja,2026-10-03,asking_vs_transaction_pct,,6,True
0209,Mértola,Beja,2026-10-03,gross_rental_yield_pct,,1,True
0209,Mértola,Beja,2026-10-03,ine_transaction_eur_m2,723,,False
0209,Mértola,Beja,2026-10-03,listings_rent,1,1,False
0209,Mértola,Beja,2026-10-03,listings_sale,21,21,False
0209,Mértola,Beja,2026-10-03,median_asking_eur_m2_sale,,6,True
0209,Mértola,Beja,2026-10-03,median_asking_price_sale,,6,True
0209,Mértola,Beja,2026-10-03,median_days_on_market,,17,True
0209,Mértola,Beja,2026-10-03,median_rent_eur_m2,,1,True
0209,Mértola,Beja,2026-10-03,median_rent_month,,1,True
0209,Mértola,Beja,2026-10-03,price_reduced_share_pct,,17,True
0209,Mértola,Beja,2026-10-03,short_term_rental_registrations,112,,False
0210,Moura,Beja,2026-10-03,agencies,12,50,False
0210,Moura,Beja,2026-10-03,asking_vs_transaction_pct,16.4,33,False
0210,Moura,Beja,2026-10-03,gross_rental_yield_pct,,0,True
0210,Moura,Beja,2026-10-03,ine_transaction_eur_m2,792,,False
0210,Moura,Beja,2026-10-03,listings_rent,0,0,False
0210,Moura,Beja,2026-10-03,listings_sale,50,50,False
0210,Moura,Beja,2026-10-03,median_asking_eur_m2_sale,922,33,False
0210,Moura,Beja,2026-10-03,median_asking_price_sale,130000,33,False
0210,Moura,Beja,2026-10-03,median_days_on_market,114,46,False
0210,Moura,Beja,2026-10-03,median_rent_eur_m2,,0,True
0210,Moura,Beja,2026-10-03,median_rent_month,,0,True
0210,Moura,Beja,2026-10-03,price_reduced_share_pct,13.0,46,False
0210,Moura,Beja,2026-10-03,short_term_rental_registrations,44,,False
0210,Moura,Beja,2026-10-03,top_agency_share_pct,44.0,50,False
0211,Odemira,Beja,2026-10-03,agencies,45,233,False
0211,Odemira,Beja,2026-10-03,asking_vs_transaction_pct,80.2,66,False
0211,Odemira,Beja,2026-10-03,gross_rental_yield_pct,,3,True
0211,Odemira,Beja,2026-10-03,ine_transaction_eur_m2,1799,,False
0211,Odemira,Beja,2026-10-03,listings_rent,4,4,False
0211,Odemira,Beja,2026-10-03,listings_sale,229,229,False
0211,Odemira,Beja,2026-10-03,median_asking_eur_m2_sale,3241,66,False
0211,Odemira,Beja,2026-10-03,median_asking_price_sale,282500,66,False
0211,Odemira,Beja,2026-10-03,median_days_on_market,299,198,False
0211,Odemira,Beja,2026-10-03,median_rent_eur_m2,,3,True
0211,Odemira,Beja,2026-10-03,median_rent_month,,3,True
0211,Odemira,Beja,2026-10-03,price_reduced_share_pct,22.7,198,False
0211,Odemira,Beja,2026-10-03,short_term_rental_registrations,878,,False
0211,Odemira,Beja,2026-10-03,top_agency_share_pct,40.3,233,False
0212,Ourique,Beja,2026-10-03,agencies,19,35,False
0212,Ourique,Beja,2026-10-03,asking_vs_transaction_pct,,10,True
0212,Ourique,Beja,2026-10-03,gross_rental_yield_pct,,0,True
0212,Ourique,Beja,2026-10-03,ine_transaction_eur_m2,846,,False
0212,Ourique,Beja,2026-10-03,listings_rent,0,0,False
0212,Ourique,Beja,2026-10-03,listings_sale,35,35,False
0212,Ourique,Beja,2026-10-03,median_asking_eur_m2_sale,,10,True
0212,Ourique,Beja,2026-10-03,median_asking_price_sale,,10,True
0212,Ourique,Beja,2026-10-03,median_days_on_market,,27,True
0212,Ourique,Beja,2026-10-03,median_rent_eur_m2,,0,True
0212,Ourique,Beja,2026-10-03,median_rent_month,,0,True
0212,Ourique,Beja,2026-10-03,price_reduced_share_pct,,27,True
0212,Ourique,Beja,2026-10-03,short_term_rental_registrations,54,,False
0212,Ourique,Beja,2026-10-03,top_agency_share_pct,20.0,35,False
0213,Serpa,Beja,2026-10-03,agencies,15,29,False
0213,Serpa,Beja,2026-10-03,asking_vs_transaction_pct,,11,True
0213,Serpa,Beja,2026-10-03,gross_rental_yield_pct,,0,True
0213,Serpa,Beja,2026-10-03,ine_transaction_eur_m2,662,,False
0213,Serpa,Beja,2026-10-03,listings_rent,0,0,False
0213,Serpa,Beja,2026-10-03,listings_sale,29,29,False
0213,Serpa,Beja,2026-10-03,median_asking_eur_m2_sale,,11,True
0213,Serpa,Beja,2026-10-03,median_asking_price_sale,,11,True
0213,Serpa,Beja,2026-10-03,median_days_on_market,,23,True
0213,Serpa,Beja,2026-10-03,median_rent_eur_m2,,0,True
0213,Serpa,Beja,2026-10-03,median_rent_month,,0,True
0213,Serpa,Beja,2026-10-03,price_reduced_share_pct,,23,True
0213,Serpa,Beja,2026-10-03,short_term_rental_registrations,48,,False
0214,Vidigueira,Beja,2026-10-03,agencies,10,34,False
0214,Vidigueira,Beja,2026-10-03,asking_vs_transaction_pct,,17,True
0214,Vidigueira,Beja,2026-10-03,gross_rental_yield_pct,,1,True
0214,Vidigueira,Beja,2026-10-03,ine_transaction_eur_m2,763,,False
0214,Vidigueira,Beja,2026-10-03,listings_rent,1,1,False
0214,Vidigueira,Beja,2026-10-03,listings_sale,33,33,False
0214,Vidigueira,Beja,2026-10-03,median_asking_eur_m2_sale,,17,True
0214,Vidigueira,Beja,2026-10-03,median_asking_price_sale,,17,True
0214,Vidigueira,Beja,2026-10-03,median_days_on_market,,24,True
0214,Vidigueira,Beja,2026-10-03,median_rent_eur_m2,,1,True
0214,Vidigueira,Beja,2026-10-03,median_rent_month,,1,True
0214,Vidigueira,Beja,2026-10-03,price_reduced_share_pct,,24,True
0214,Vidigueira,Beja,2026-10-03,short_term_rental_registrations,45,,False
0214,Vidigueira,Beja,2026-10-03,top_agency_share_pct,44.1,34,False
0301,Amares,Braga,2026-10-03,agencies,18,125,False
0301,Amares,Braga,2026-10-03,asking_vs_transaction_pct,24.5,69,False
0301,Amares,Braga,2026-10-03,gross_rental_yield_pct,,2,True
0301,Amares,Braga,2026-10-03,ine_transaction_eur_m2,1566,,False
0301,Amares,Braga,2026-10-03,listings_rent,3,3,False
0301,Amares,Braga,2026-10-03,listings_sale,122,122,False
0301,Amares,Braga,2026-10-03,median_asking_eur_m2_sale,1950,69,False
0301,Amares,Braga,2026-10-03,median_asking_price_sale,350000,69,False
0301,Amares,Braga,2026-10-03,median_days_on_market,160,123,False
0301,Amares,Braga,2026-10-03,median_rent_eur_m2,,2,True
0301,Amares,Braga,2026-10-03,median_rent_month,,2,True
0301,Amares,Braga,2026-10-03,price_reduced_share_pct,16.3,123,False
0301,Amares,Braga,2026-10-03,short_term_rental_registrations,117,,False
0301,Amares,Braga,2026-10-03,top_agency_share_pct,31.2,125,False
0302,Barcelos,Braga,2026-10-03,agencies,32,267,False
0302,Barcelos,Braga,2026-10-03,asking_vs_transaction_pct,19.0,132,False
0302,Barcelos,Braga,2026-10-03,gross_rental_yield_pct,,7,True
0302,Barcelos,Braga,2026-10-03,ine_transaction_eur_m2,1678,,False
0302,Barcelos,Braga,2026-10-03,listings_rent,12,12,False
0302,Barcelos,Braga,2026-10-03,listings_sale,255,255,False
0302,Barcelos,Braga,2026-10-03,median_asking_eur_m2_sale,1996,132,False
0302,Barcelos,Braga,2026-10-03,median_asking_price_sale,324950,132,False
0302,Barcelos,Braga,2026-10-03,median_days_on_market,166,261,False
0302,Barcelos,Braga,2026-10-03,median_rent_eur_m2,,7,True
0302,Barcelos,Braga,2026-10-03,median_rent_month,,8,True
0302,Barcelos,Braga,2026-10-03,price_reduced_share_pct,23.4,252,False
0302,Barcelos,Braga,2026-10-03,short_term_rental_registrations,159,,False
0302,Barcelos,Braga,2026-10-03,top_agency_share_pct,34.8,267,False
0303,Braga,Braga,2026-10-03,agencies,44,819,False
0303,Braga,Braga,2026-10-03,asking_vs_transaction_pct,28.1,550,False
0303,Braga,Braga,2026-10-03,gross_rental_yield_pct,4.8,68,False
0303,Braga,Braga,2026-10-03,ine_transaction_eur_m2,2100,,False
0303,Braga,Braga,2026-10-03,listings_rent,91,91,False
0303,Braga,Braga,2026-10-03,listings_sale,728,728,False
0303,Braga,Braga,2026-10-03,median_asking_eur_m2_sale,2691,550,False
0303,Braga,Braga,2026-10-03,median_asking_price_sale,364750,550,False
0303,Braga,Braga,2026-10-03,median_days_on_market,111,773,False
0303,Braga,Braga,2026-10-03,median_rent_eur_m2,10.7,68,False
0303,Braga,Braga,2026-10-03,median_rent_month,1000,69,False
0303,Braga,Braga,2026-10-03,price_reduced_share_pct,16.5,771,False
0303,Braga,Braga,2026-10-03,short_term_rental_registrations,723,,False
0303,Braga,Braga,2026-10-03,top_agency_share_pct,17.2,819,False
0304,Cabeceiras de Basto,Braga,2026-10-03,agencies,18,191,False
0304,Cabeceiras de Basto,Braga,2026-10-03,asking_vs_transaction_pct,56.0,82,False
0304,Cabeceiras de Basto,Braga,2026-10-03,gross_rental_yield_pct,,1,True
0304,Cabeceiras de Basto,Braga,2026-10-03,ine_transaction_eur_m2,893,,False
0304,Cabeceiras de Basto,Braga,2026-10-03,listings_rent,5,5,False
0304,Cabeceiras de Basto,Braga,2026-10-03,listings_sale,186,186,False
0304,Cabeceiras de Basto,Braga,2026-10-03,median_asking_eur_m2_sale,1393,82,False
0304,Cabeceiras de Basto,Braga,2026-10-03,median_asking_price_sale,195000,83,False
0304,Cabeceiras de Basto,Braga,2026-10-03,median_days_on_market,233,172,False
0304,Cabeceiras de Basto,Braga,2026-10-03,median_rent_eur_m2,,1,True
0304,Cabeceiras de Basto,Braga,2026-10-03,median_rent_month,,1,True
0304,Cabeceiras de Basto,Braga,2026-10-03,price_reduced_share_pct,18.1,171,False
0304,Cabeceiras de Basto,Braga,2026-10-03,short_term_rental_registrations,144,,False
0304,Cabeceiras de Basto,Braga,2026-10-03,top_agency_share_pct,59.2,191,False
0305,Celorico de Basto,Braga,2026-10-03,agencies,29,189,False
0305,Celorico de Basto,Braga,2026-10-03,asking_vs_transaction_pct,35.7,86,False
0305,Celorico de Basto,Braga,2026-10-03,gross_rental_yield_pct,,5,True
0305,Celorico de Basto,Braga,2026-10-03,ine_transaction_eur_m2,886,,False
0305,Celorico de Basto,Braga,2026-10-03,listings_rent,6,6,False
0305,Celorico de Basto,Braga,2026-10-03,listings_sale,183,183,False
0305,Celorico de Basto,Braga,2026-10-03,median_asking_eur_m2_sale,1202,86,False
0305,Celorico de Basto,Braga,2026-10-03,median_asking_price_sale,170000,90,False
0305,Celorico de Basto,Braga,2026-10-03,median_days_on_market,252,183,False
0305,Celorico de Basto,Braga,2026-10-03,median_rent_eur_m2,,5,True
0305,Celorico de Basto,Braga,2026-10-03,median_rent_month,,5,True
0305,Celorico de Basto,Braga,2026-10-03,price_reduced_share_pct,19.2,182,False
0305,Celorico de Basto,Braga,2026-10-03,short_term_rental_registrations,168,,False
0305,Celorico de Basto,Braga,2026-10-03,top_agency_share_pct,31.7,189,False
0306,Esposende,Braga,2026-10-03,agencies,28,76,False
0306,Esposende,Braga,2026-10-03,asking_vs_transaction_pct,18.2,47,False
0306,Esposende,Braga,2026-10-03,gross_rental_yield_pct,,1,True
0306,Esposende,Braga,2026-10-03,ine_transaction_eur_m2,2152,,False
0306,Esposende,Braga,2026-10-03,listings_rent,4,4,False
0306,Esposende,Braga,2026-10-03,listings_sale,72,72,False
0306,Esposende,Braga,2026-10-03,median_asking_eur_m2_sale,2543,47,False
0306,Esposende,Braga,2026-10-03,median_asking_price_sale,480000,47,False
0306,Esposende,Braga,2026-10-03,median_days_on_market,91,71,False
0306,Esposende,Braga,2026-10-03,median_rent_eur_m2,,1,True
0306,Esposende,Braga,2026-10-03,median_rent_month,,1,True
0306,Esposende,Braga,2026-10-03,price_reduced_share_pct,21.7,69,False
0306,Esposende,Braga,2026-10-03,short_term_rental_registrations,469,,False
0306,Esposende,Braga,2026-10-03,top_agency_share_pct,34.2,76,False
0307,Fafe,Braga,2026-10-03,agencies,23,242,False
0307,Fafe,Braga,2026-10-03,asking_vs_transaction_pct,37.5,121,False
0307,Fafe,Braga,2026-10-03,gross_rental_yield_pct,,1,True
0307,Fafe,Braga,2026-10-03,ine_transaction_eur_m2,1303,,False
0307,Fafe,Braga,2026-10-03,listings_rent,4,4,False
0307,Fafe,Braga,2026-10-03,listings_sale,238,238,False
0307,Fafe,Braga,2026-10-03,median_asking_eur_m2_sale,1792,121,False
0307,Fafe,Braga,2026-10-03,median_asking_price_sale,299450,122,False
0307,Fafe,Braga,2026-10-03,median_days_on_market,175,241,False
0307,Fafe,Braga,2026-10-03,median_rent_eur_m2,,1,True
0307,Fafe,Braga,2026-10-03,median_rent_month,,1,True
0307,Fafe,Braga,2026-10-03,price_reduced_share_pct,21.8,238,False
0307,Fafe,Braga,2026-10-03,short_term_rental_registrations,60,,False
0307,Fafe,Braga,2026-10-03,top_agency_share_pct,47.5,242,False
0308,Guimarães,Braga,2026-10-03,agencies,40,472,False
0308,Guimarães,Braga,2026-10-03,asking_vs_transaction_pct,45.5,252,False
0308,Guimarães,Braga,2026-10-03,gross_rental_yield_pct,,18,True
0308,Guimarães,Braga,2026-10-03,ine_transaction_eur_m2,1733,,False
0308,Guimarães,Braga,2026-10-03,listings_rent,45,45,False
0308,Guimarães,Braga,2026-10-03,listings_sale,427,427,False
0308,Guimarães,Braga,2026-10-03,median_asking_eur_m2_sale,2521,252,False
0308,Guimarães,Braga,2026-10-03,median_asking_price_sale,330000,252,False
0308,Guimarães,Braga,2026-10-03,median_days_on_market,160,465,False
0308,Guimarães,Braga,2026-10-03,median_rent_eur_m2,,18,True
0308,Guimarães,Braga,2026-10-03,median_rent_month,,18,True
0308,Guimarães,Braga,2026-10-03,price_reduced_share_pct,18.4,461,False
0308,Guimarães,Braga,2026-10-03,short_term_rental_registrations,340,,False
0308,Guimarães,Braga,2026-10-03,top_agency_share_pct,45.6,472,False
0309,Póvoa de Lanhoso,Braga,2026-10-03,agencies,21,197,False
0309,Póvoa de Lanhoso,Braga,2026-10-03,asking_vs_transaction_pct,27.3,100,False
0309,Póvoa de Lanhoso,Braga,2026-10-03,gross_rental_yield_pct,,3,True
0309,Póvoa de Lanhoso,Braga,2026-10-03,ine_transaction_eur_m2,1339,,False
0309,Póvoa de Lanhoso,Braga,2026-10-03,listings_rent,6,6,False
0309,Póvoa de Lanhoso,Braga,2026-10-03,listings_sale,191,191,False
0309,Póvoa de Lanhoso,Braga,2026-10-03,median_asking_eur_m2_sale,1705,100,False
0309,Póvoa de Lanhoso,Braga,2026-10-03,median_asking_price_sale,284900,100,False
0309,Póvoa de Lanhoso,Braga,2026-10-03,median_days_on_market,98,178,False
0309,Póvoa de Lanhoso,Braga,2026-10-03,median_rent_eur_m2,,3,True
0309,Póvoa de Lanhoso,Braga,2026-10-03,median_rent_month,,3,True
0309,Póvoa de Lanhoso,Braga,2026-10-03,price_reduced_share_pct,18.0,178,False
0309,Póvoa de Lanhoso,Braga,2026-10-03,short_term_rental_registrations,92,,False
0309,Póvoa de Lanhoso,Braga,2026-10-03,top_agency_share_pct,61.9,197,False
0310,Terras de Bouro,Braga,2026-10-03,agencies,22,119,False
0310,Terras de Bouro,Braga,2026-10-03,asking_vs_transaction_pct,31.5,61,False
0310,Terras de Bouro,Braga,2026-10-03,gross_rental_yield_pct,,1,True
0310,Terras de Bouro,Braga,2026-10-03,ine_transaction_eur_m2,1071,,False
0310,Terras de Bouro,Braga,2026-10-03,listings_rent,3,3,False
0310,Terras de Bouro,Braga,2026-10-03,listings_sale,116,116,False
0310,Terras de Bouro,Braga,2026-10-03,median_asking_eur_m2_sale,1408,61,False
0310,Terras de Bouro,Braga,2026-10-03,median_asking_price_sale,217400,62,False
0310,Terras de Bouro,Braga,2026-10-03,median_days_on_market,268,113,False
0310,Terras de Bouro,Braga,2026-10-03,median_rent_eur_m2,,1,True
0310,Terras de Bouro,Braga,2026-10-03,median_rent_month,,1,True
0310,Terras de Bouro,Braga,2026-10-03,price_reduced_share_pct,25.7,113,False
0310,Terras de Bouro,Braga,2026-10-03,short_term_rental_registrations,525,,False
0310,Terras de Bouro,Braga,2026-10-03,top_agency_share_pct,21.8,119,False
0311,Vieira do Minho,Braga,2026-10-03,agencies,31,171,False
0311,Vieira do Minho,Braga,2026-10-03,asking_vs_transaction_pct,44.1,72,False
0311,Vieira do Minho,Braga,2026-10-03,gross_rental_yield_pct,,1,True
0311,Vieira do Minho,Braga,2026-10-03,ine_transaction_eur_m2,1144,,False
0311,Vieira do Minho,Braga,2026-10-03,listings_rent,3,3,False
0311,Vieira do Minho,Braga,2026-10-03,listings_sale,168,168,False
0311,Vieira do Minho,Braga,2026-10-03,median_asking_eur_m2_sale,1649,72,False
0311,Vieira do Minho,Braga,2026-10-03,median_asking_price_sale,235000,72,False
0311,Vieira do Minho,Braga,2026-10-03,median_days_on_market,408,160,False
0311,Vieira do Minho,Braga,2026-10-03,median_rent_eur_m2,,1,True
0311,Vieira do Minho,Braga,2026-10-03,median_rent_month,,1,True
0311,Vieira do Minho,Braga,2026-10-03,price_reduced_share_pct,19.4,160,False
0311,Vieira do Minho,Braga,2026-10-03,short_term_rental_registrations,373,,False
0311,Vieira do Minho,Braga,2026-10-03,top_agency_share_pct,24.0,171,False
0312,Vila Nova de Famalicão,Braga,2026-10-03,agencies,40,304,False
0312,Vila Nova de Famalicão,Braga,2026-10-03,asking_vs_transaction_pct,36.4,198,False
0312,Vila Nova de Famalicão,Braga,2026-10-03,gross_rental_yield_pct,,3,True
0312,Vila Nova de Famalicão,Braga,2026-10-03,ine_transaction_eur_m2,1795,,False
0312,Vila Nova de Famalicão,Braga,2026-10-03,listings_rent,8,8,False
0312,Vila Nova de Famalicão,Braga,2026-10-03,listings_sale,296,296,False
0312,Vila Nova de Famalicão,Braga,2026-10-03,median_asking_eur_m2_sale,2449,198,False
0312,Vila Nova de Famalicão,Braga,2026-10-03,median_asking_price_sale,359950,198,False
0312,Vila Nova de Famalicão,Braga,2026-10-03,median_days_on_market,111,295,False
0312,Vila Nova de Famalicão,Braga,2026-10-03,median_rent_eur_m2,,3,True
0312,Vila Nova de Famalicão,Braga,2026-10-03,median_rent_month,,3,True
0312,Vila Nova de Famalicão,Braga,2026-10-03,price_reduced_share_pct,17.3,295,False
0312,Vila Nova de Famalicão,Braga,2026-10-03,short_term_rental_registrations,123,,False
0312,Vila Nova de Famalicão,Braga,2026-10-03,top_agency_share_pct,20.1,304,False
0313,Vila Verde,Braga,2026-10-03,agencies,33,353,False
0313,Vila Verde,Braga,2026-10-03,asking_vs_transaction_pct,24.6,172,False
0313,Vila Verde,Braga,2026-10-03,gross_rental_yield_pct,,2,True
0313,Vila Verde,Braga,2026-10-03,ine_transaction_eur_m2,1506,,False
0313,Vila Verde,Braga,2026-10-03,listings_rent,6,6,False
0313,Vila Verde,Braga,2026-10-03,listings_sale,347,347,False
0313,Vila Verde,Braga,2026-10-03,median_asking_eur_m2_sale,1877,172,False
0313,Vila Verde,Braga,2026-10-03,median_asking_price_sale,320000,173,False
0313,Vila Verde,Braga,2026-10-03,median_days_on_market,322,344,False
0313,Vila Verde,Braga,2026-10-03,median_rent_eur_m2,,2,True
0313,Vila Verde,Braga,2026-10-03,median_rent_month,,2,True
0313,Vila Verde,Braga,2026-10-03,price_reduced_share_pct,14.2,344,False
0313,Vila Verde,Braga,2026-10-03,short_term_rental_registrations,81,,False
0313,Vila Verde,Braga,2026-10-03,top_agency_share_pct,41.1,353,False
0314,Vizela,Braga,2026-10-03,agencies,14,34,False
0314,Vizela,Braga,2026-10-03,asking_vs_transaction_pct,,21,True
0314,Vizela,Braga,2026-10-03,gross_rental_yield_pct,,0,True
0314,Vizela,Braga,2026-10-03,ine_transaction_eur_m2,1540,,False
0314,Vizela,Braga,2026-10-03,listings_rent,1,1,False
0314,Vizela,Braga,2026-10-03,listings_sale,33,33,False
0314,Vizela,Braga,2026-10-03,median_asking_eur_m2_sale,,21,True
0314,Vizela,Braga,2026-10-03,median_asking_price_sale,,21,True
0314,Vizela,Braga,2026-10-03,median_days_on_market,171,34,False
0314,Vizela,Braga,2026-10-03,median_rent_eur_m2,,0,True
0314,Vizela,Braga,2026-10-03,median_rent_month,,0,True
0314,Vizela,Braga,2026-10-03,price_reduced_share_pct,26.5,34,False
0314,Vizela,Braga,2026-10-03,short_term_rental_registrations,19,,False
0314,Vizela,Braga,2026-10-03,top_agency_share_pct,20.6,34,False
0401,Alfândega da Fé,Bragança,2026-10-03,agencies,5,8,False
0401,Alfândega da Fé,Bragança,2026-10-03,asking_vs_transaction_pct,,3,True
0401,Alfândega da Fé,Bragança,2026-10-03,gross_rental_yield_pct,,0,True
0401,Alfândega da Fé,Bragança,2026-10-03,ine_transaction_eur_m2,419,,False
0401,Alfândega da Fé,Bragança,2026-10-03,listings_rent,0,0,False
0401,Alfândega da Fé,Bragança,2026-10-03,listings_sale,8,8,False
0401,Alfândega da Fé,Bragança,2026-10-03,median_asking_eur_m2_sale,,3,True
0401,Alfândega da Fé,Bragança,2026-10-03,median_asking_price_sale,,3,True
0401,Alfândega da Fé,Bragança,2026-10-03,median_days_on_market,,8,True
0401,Alfândega da Fé,Bragança,2026-10-03,median_rent_eur_m2,,0,True
0401,Alfândega da Fé,Bragança,2026-10-03,median_rent_month,,0,True
0401,Alfândega da Fé,Bragança,2026-10-03,price_reduced_share_pct,,8,True
0401,Alfândega da Fé,Bragança,2026-10-03,short_term_rental_registrations,27,,False
0402,Bragança,Bragança,2026-10-03,agencies,18,89,False
0402,Bragança,Bragança,2026-10-03,asking_vs_transaction_pct,8.5,50,False
0402,Bragança,Bragança,2026-10-03,gross_rental_yield_pct,,0,True
0402,Bragança,Bragança,2026-10-03,ine_transaction_eur_m2,1157,,False
0402,Bragança,Bragança,2026-10-03,listings_rent,4,4,False
0402,Bragança,Bragança,2026-10-03,listings_sale,85,85,False
0402,Bragança,Bragança,2026-10-03,median_asking_eur_m2_sale,1255,50,False
0402,Bragança,Bragança,2026-10-03,median_asking_price_sale,176750,50,False
0402,Bragança,Bragança,2026-10-03,median_days_on_market,226,85,False
0402,Bragança,Bragança,2026-10-03,median_rent_eur_m2,,0,True
0402,Bragança,Bragança,2026-10-03,median_rent_month,,0,True
0402,Bragança,Bragança,2026-10-03,price_reduced_share_pct,28.2,85,False
0402,Bragança,Bragança,2026-10-03,short_term_rental_registrations,253,,False
0402,Bragança,Bragança,2026-10-03,top_agency_share_pct,57.3,89,False
0403,Carrazeda de Ansiães,Bragança,2026-10-03,agencies,7,23,False
0403,Carrazeda de Ansiães,Bragança,2026-10-03,asking_vs_transaction_pct,,10,True
0403,Carrazeda de Ansiães,Bragança,2026-10-03,gross_rental_yield_pct,,0,True
0403,Carrazeda de Ansiães,Bragança,2026-10-03,ine_transaction_eur_m2,352,,False
0403,Carrazeda de Ansiães,Bragança,2026-10-03,listings_rent,0,0,False
0403,Carrazeda de Ansiães,Bragança,2026-10-03,listings_sale,23,23,False
0403,Carrazeda de Ansiães,Bragança,2026-10-03,median_asking_eur_m2_sale,,10,True
0403,Carrazeda de Ansiães,Bragança,2026-10-03,median_asking_price_sale,,10,True
0403,Carrazeda de Ansiães,Bragança,2026-10-03,median_days_on_market,,23,True
0403,Carrazeda de Ansiães,Bragança,2026-10-03,median_rent_eur_m2,,0,True
0403,Carrazeda de Ansiães,Bragança,2026-10-03,median_rent_month,,0,True
0403,Carrazeda de Ansiães,Bragança,2026-10-03,price_reduced_share_pct,,23,True
0403,Carrazeda de Ansiães,Bragança,2026-10-03,short_term_rental_registrations,28,,False
0404,Freixo de Espada à Cinta,Bragança,2026-10-03,agencies,4,11,False
0404,Freixo de Espada à Cinta,Bragança,2026-10-03,asking_vs_transaction_pct,,5,True
0404,Freixo de Espada à Cinta,Bragança,2026-10-03,gross_rental_yield_pct,,0,True
0404,Freixo de Espada à Cinta,Bragança,2026-10-03,ine_transaction_eur_m2,280,,False
0404,Freixo de Espada à Cinta,Bragança,2026-10-03,listings_rent,0,0,False
0404,Freixo de Espada à Cinta,Bragança,2026-10-03,listings_sale,11,11,False
0404,Freixo de Espada à Cinta,Bragança,2026-10-03,median_asking_eur_m2_sale,,5,True
0404,Freixo de Espada à Cinta,Bragança,2026-10-03,median_asking_price_sale,,5,True
0404,Freixo de Espada à Cinta,Bragança,2026-10-03,median_days_on_market,,11,True
0404,Freixo de Espada à Cinta,Bragança,2026-10-03,median_rent_eur_m2,,0,True
0404,Freixo de Espada à Cinta,Bragança,2026-10-03,median_rent_month,,0,True
0404,Freixo de Espada à Cinta,Bragança,2026-10-03,price_reduced_share_pct,,11,True
0404,Freixo de Espada à Cinta,Bragança,2026-10-03,short_term_rental_registrations,28,,False
0405,Macedo de Cavaleiros,Bragança,2026-10-03,agencies,13,41,False
0405,Macedo de Cavaleiros,Bragança,2026-10-03,asking_vs_transaction_pct,,21,True
0405,Macedo de Cavaleiros,Bragança,2026-10-03,gross_rental_yield_pct,,0,True
0405,Macedo de Cavaleiros,Bragança,2026-10-03,ine_transaction_eur_m2,799,,False
0405,Macedo de Cavaleiros,Bragança,2026-10-03,listings_rent,0,0,False
0405,Macedo de Cavaleiros,Bragança,2026-10-03,listings_sale,41,41,False
0405,Macedo de Cavaleiros,Bragança,2026-10-03,median_asking_eur_m2_sale,,21,True
0405,Macedo de Cavaleiros,Bragança,2026-10-03,median_asking_price_sale,,21,True
0405,Macedo de Cavaleiros,Bragança,2026-10-03,median_days_on_market,528,36,False
0405,Macedo de Cavaleiros,Bragança,2026-10-03,median_rent_eur_m2,,0,True
0405,Macedo de Cavaleiros,Bragança,2026-10-03,median_rent_month,,0,True
0405,Macedo de Cavaleiros,Bragança,2026-10-03,price_reduced_share_pct,20.0,35,False
0405,Macedo de Cavaleiros,Bragança,2026-10-03,short_term_rental_registrations,78,,False
0405,Macedo de Cavaleiros,Bragança,2026-10-03,top_agency_share_pct,53.7,41,False
0406,Miranda do Douro,Bragança,2026-10-03,agencies,3,12,False
0406,Miranda do Douro,Bragança,2026-10-03,asking_vs_transaction_pct,,7,True
0406,Miranda do Douro,Bragança,2026-10-03,gross_rental_yield_pct,,0,True
0406,Miranda do Douro,Bragança,2026-10-03,ine_transaction_eur_m2,477,,False
0406,Miranda do Douro,Bragança,2026-10-03,listings_rent,0,0,False
0406,Miranda do Douro,Bragança,2026-10-03,listings_sale,12,12,False
0406,Miranda do Douro,Bragança,2026-10-03,median_asking_eur_m2_sale,,7,True
0406,Miranda do Douro,Bragança,2026-10-03,median_asking_price_sale,,7,True
0406,Miranda do Douro,Bragança,2026-10-03,median_days_on_market,,12,True
0406,Miranda do Douro,Bragança,2026-10-03,median_rent_eur_m2,,0,True
0406,Miranda do Douro,Bragança,2026-10-03,median_rent_month,,0,True
0406,Miranda do Douro,Bragança,2026-10-03,price_reduced_share_pct,,12,True
0406,Miranda do Douro,Bragança,2026-10-03,short_term_rental_registrations,22,,False
0407,Mirandela,Bragança,2026-10-03,agencies,10,41,False
0407,Mirandela,Bragança,2026-10-03,asking_vs_transaction_pct,,15,True
0407,Mirandela,Bragança,2026-10-03,gross_rental_yield_pct,,0,True
0407,Mirandela,Bragança,2026-10-03,ine_transaction_eur_m2,1042,,False
0407,Mirandela,Bragança,2026-10-03,listings_rent,0,0,False
0407,Mirandela,Bragança,2026-10-03,listings_sale,41,41,False
0407,Mirandela,Bragança,2026-10-03,median_asking_eur_m2_sale,,15,True
0407,Mirandela,Bragança,2026-10-03,median_asking_price_sale,,15,True
0407,Mirandela,Bragança,2026-10-03,median_days_on_market,119,41,False
0407,Mirandela,Bragança,2026-10-03,median_rent_eur_m2,,0,True
0407,Mirandela,Bragança,2026-10-03,median_rent_month,,0,True
0407,Mirandela,Bragança,2026-10-03,price_reduced_share_pct,24.2,33,False
0407,Mirandela,Bragança,2026-10-03,short_term_rental_registrations,36,,False
0407,Mirandela,Bragança,2026-10-03,top_agency_share_pct,73.2,41,False
0408,Mogadouro,Bragança,2026-10-03,agencies,5,9,False
0408,Mogadouro,Bragança,2026-10-03,asking_vs_transaction_pct,,8,True
0408,Mogadouro,Bragança,2026-10-03,gross_rental_yield_pct,,0,True
0408,Mogadouro,Bragança,2026-10-03,ine_transaction_eur_m2,356,,False
0408,Mogadouro,Bragança,2026-10-03,listings_rent,0,0,False
0408,Mogadouro,Bragança,2026-10-03,listings_sale,9,9,False
0408,Mogadouro,Bragança,2026-10-03,median_asking_eur_m2_sale,,8,True
0408,Mogadouro,Bragança,2026-10-03,median_asking_price_sale,,8,True
0408,Mogadouro,Bragança,2026-10-03,median_days_on_market,,8,True
0408,Mogadouro,Bragança,2026-10-03,median_rent_eur_m2,,0,True
0408,Mogadouro,Bragança,2026-10-03,median_rent_month,,0,True
0408,Mogadouro,Bragança,2026-10-03,price_reduced_share_pct,,8,True
0408,Mogadouro,Bragança,2026-10-03,short_term_rental_registrations,55,,False
0409,Torre de Moncorvo,Bragança,2026-10-03,agencies,10,29,False
0409,Torre de Moncorvo,Bragança,2026-10-03,asking_vs_transaction_pct,,19,True
0409,Torre de Moncorvo,Bragança,2026-10-03,gross_rental_yield_pct,,0,True
0409,Torre de Moncorvo,Bragança,2026-10-03,ine_transaction_eur_m2,448,,False
0409,Torre de Moncorvo,Bragança,2026-10-03,listings_rent,1,1,False
0409,Torre de Moncorvo,Bragança,2026-10-03,listings_sale,28,28,False
0409,Torre de Moncorvo,Bragança,2026-10-03,median_asking_eur_m2_sale,,19,True
0409,Torre de Moncorvo,Bragança,2026-10-03,median_asking_price_sale,,20,True
0409,Torre de Moncorvo,Bragança,2026-10-03,median_days_on_market,,29,True
0409,Torre de Moncorvo,Bragança,2026-10-03,median_rent_eur_m2,,0,True
0409,Torre de Moncorvo,Bragança,2026-10-03,median_rent_month,,0,True
0409,Torre de Moncorvo,Bragança,2026-10-03,price_reduced_share_pct,,29,True
0409,Torre de Moncorvo,Bragança,2026-10-03,short_term_rental_registrations,73,,False
0410,Vila Flor,Bragança,2026-10-03,agencies,7,13,False
0410,Vila Flor,Bragança,2026-10-03,asking_vs_transaction_pct,,9,True
0410,Vila Flor,Bragança,2026-10-03,gross_rental_yield_pct,,0,True
0410,Vila Flor,Bragança,2026-10-03,ine_transaction_eur_m2,487,,False
0410,Vila Flor,Bragança,2026-10-03,listings_rent,0,0,False
0410,Vila Flor,Bragança,2026-10-03,listings_sale,13,13,False
0410,Vila Flor,Bragança,2026-10-03,median_asking_eur_m2_sale,,9,True
0410,Vila Flor,Bragança,2026-10-03,median_asking_price_sale,,9,True
0410,Vila Flor,Bragança,2026-10-03,median_days_on_market,,11,True
0410,Vila Flor,Bragança,2026-10-03,median_rent_eur_m2,,0,True
0410,Vila Flor,Bragança,2026-10-03,median_rent_month,,0,True
0410,Vila Flor,Bragança,2026-10-03,price_reduced_share_pct,,11,True
0410,Vila Flor,Bragança,2026-10-03,short_term_rental_registrations,18,,False
0411,Vimioso,Bragança,2026-10-03,agencies,5,12,False
0411,Vimioso,Bragança,2026-10-03,asking_vs_transaction_pct,,5,True
0411,Vimioso,Bragança,2026-10-03,gross_rental_yield_pct,,0,True
0411,Vimioso,Bragança,2026-10-03,ine_transaction_eur_m2,464,,False
0411,Vimioso,Bragança,2026-10-03,listings_rent,0,0,False
0411,Vimioso,Bragança,2026-10-03,listings_sale,12,12,False
0411,Vimioso,Bragança,2026-10-03,median_asking_eur_m2_sale,,5,True
0411,Vimioso,Bragança,2026-10-03,median_asking_price_sale,,5,True
0411,Vimioso,Bragança,2026-10-03,median_days_on_market,,12,True
0411,Vimioso,Bragança,2026-10-03,median_rent_eur_m2,,0,True
0411,Vimioso,Bragança,2026-10-03,median_rent_month,,0,True
0411,Vimioso,Bragança,2026-10-03,price_reduced_share_pct,,12,True
0411,Vimioso,Bragança,2026-10-03,short_term_rental_registrations,24,,False
0412,Vinhais,Bragança,2026-10-03,agencies,8,16,False
0412,Vinhais,Bragança,2026-10-03,asking_vs_transaction_pct,,11,True
0412,Vinhais,Bragança,2026-10-03,gross_rental_yield_pct,,0,True
0412,Vinhais,Bragança,2026-10-03,ine_transaction_eur_m2,352,,False
0412,Vinhais,Bragança,2026-10-03,listings_rent,0,0,False
0412,Vinhais,Bragança,2026-10-03,listings_sale,16,16,False
0412,Vinhais,Bragança,2026-10-03,median_asking_eur_m2_sale,,11,True
0412,Vinhais,Bragança,2026-10-03,median_asking_price_sale,,11,True
0412,Vinhais,Bragança,2026-10-03,median_days_on_market,,16,True
0412,Vinhais,Bragança,2026-10-03,median_rent_eur_m2,,0,True
0412,Vinhais,Bragança,2026-10-03,median_rent_month,,0,True
0412,Vinhais,Bragança,2026-10-03,price_reduced_share_pct,,16,True
0412,Vinhais,Bragança,2026-10-03,short_term_rental_registrations,38,,False
0501,Belmonte,Castelo Branco,2026-10-03,agencies,11,118,False
0501,Belmonte,Castelo Branco,2026-10-03,asking_vs_transaction_pct,102.2,37,False
0501,Belmonte,Castelo Branco,2026-10-03,gross_rental_yield_pct,,0,True
0501,Belmonte,Castelo Branco,2026-10-03,ine_transaction_eur_m2,500,,False
0501,Belmonte,Castelo Branco,2026-10-03,listings_rent,1,1,False
0501,Belmonte,Castelo Branco,2026-10-03,listings_sale,117,117,False
0501,Belmonte,Castelo Branco,2026-10-03,median_asking_eur_m2_sale,1011,37,False
0501,Belmonte,Castelo Branco,2026-10-03,median_asking_price_sale,90500,38,False
0501,Belmonte,Castelo Branco,2026-10-03,median_days_on_market,196,113,False
0501,Belmonte,Castelo Branco,2026-10-03,median_rent_eur_m2,,0,True
0501,Belmonte,Castelo Branco,2026-10-03,median_rent_month,,0,True
0501,Belmonte,Castelo Branco,2026-10-03,price_reduced_share_pct,14.2,113,False
0501,Belmonte,Castelo Branco,2026-10-03,short_term_rental_registrations,51,,False
0501,Belmonte,Castelo Branco,2026-10-03,top_agency_share_pct,49.2,118,False
0502,Castelo Branco,Castelo Branco,2026-10-03,agencies,25,362,False
0502,Castelo Branco,Castelo Branco,2026-10-03,asking_vs_transaction_pct,-22.8,60,False
0502,Castelo Branco,Castelo Branco,2026-10-03,gross_rental_yield_pct,,2,True
0502,Castelo Branco,Castelo Branco,2026-10-03,ine_transaction_eur_m2,1026,,False
0502,Castelo Branco,Castelo Branco,2026-10-03,listings_rent,6,6,False
0502,Castelo Branco,Castelo Branco,2026-10-03,listings_sale,356,356,False
0502,Castelo Branco,Castelo Branco,2026-10-03,median_asking_eur_m2_sale,792,60,False
0502,Castelo Branco,Castelo Branco,2026-10-03,median_asking_price_sale,70000,63,False
0502,Castelo Branco,Castelo Branco,2026-10-03,median_days_on_market,729,329,False
0502,Castelo Branco,Castelo Branco,2026-10-03,median_rent_eur_m2,,2,True
0502,Castelo Branco,Castelo Branco,2026-10-03,median_rent_month,,2,True
0502,Castelo Branco,Castelo Branco,2026-10-03,price_reduced_share_pct,21.3,329,False
0502,Castelo Branco,Castelo Branco,2026-10-03,short_term_rental_registrations,79,,False
0502,Castelo Branco,Castelo Branco,2026-10-03,top_agency_share_pct,49.4,362,False
0503,Covilhã,Castelo Branco,2026-10-03,agencies,30,316,False
0503,Covilhã,Castelo Branco,2026-10-03,asking_vs_transaction_pct,76.3,184,False
0503,Covilhã,Castelo Branco,2026-10-03,gross_rental_yield_pct,,6,True
0503,Covilhã,Castelo Branco,2026-10-03,ine_transaction_eur_m2,1116,,False
0503,Covilhã,Castelo Branco,2026-10-03,listings_rent,8,8,False
0503,Covilhã,Castelo Branco,2026-10-03,listings_sale,308,308,False
0503,Covilhã,Castelo Branco,2026-10-03,median_asking_eur_m2_sale,1967,184,False
0503,Covilhã,Castelo Branco,2026-10-03,median_asking_price_sale,175000,184,False
0503,Covilhã,Castelo Branco,2026-10-03,median_days_on_market,160,288,False
0503,Covilhã,Castelo Branco,2026-10-03,median_rent_eur_m2,,6,True
0503,Covilhã,Castelo Branco,2026-10-03,median_rent_month,,6,True
0503,Covilhã,Castelo Branco,2026-10-03,price_reduced_share_pct,16.0,288,False
0503,Covilhã,Castelo Branco,2026-10-03,short_term_rental_registrations,277,,False
0503,Covilhã,Castelo Branco,2026-10-03,top_agency_share_pct,36.7,316,False
0504,Fundão,Castelo Branco,2026-10-03,agencies,27,236,False
0504,Fundão,Castelo Branco,2026-10-03,asking_vs_transaction_pct,24.5,73,False
0504,Fundão,Castelo Branco,2026-10-03,gross_rental_yield_pct,,3,True
0504,Fundão,Castelo Branco,2026-10-03,ine_transaction_eur_m2,803,,False
0504,Fundão,Castelo Branco,2026-10-03,listings_rent,6,6,False
0504,Fundão,Castelo Branco,2026-10-03,listings_sale,230,230,False
0504,Fundão,Castelo Branco,2026-10-03,median_asking_eur_m2_sale,1000,73,False
0504,Fundão,Castelo Branco,2026-10-03,median_asking_price_sale,130500,74,False
0504,Fundão,Castelo Branco,2026-10-03,median_days_on_market,210,212,False
0504,Fundão,Castelo Branco,2026-10-03,median_rent_eur_m2,,3,True
0504,Fundão,Castelo Branco,2026-10-03,median_rent_month,,3,True
0504,Fundão,Castelo Branco,2026-10-03,price_reduced_share_pct,23.6,212,False
0504,Fundão,Castelo Branco,2026-10-03,short_term_rental_registrations,166,,False
0504,Fundão,Castelo Branco,2026-10-03,top_agency_share_pct,25.0,236,False
0505,Idanha-a-Nova,Castelo Branco,2026-10-03,agencies,21,147,False
0505,Idanha-a-Nova,Castelo Branco,2026-10-03,asking_vs_transaction_pct,62.9,51,False
0505,Idanha-a-Nova,Castelo Branco,2026-10-03,gross_rental_yield_pct,,1,True
0505,Idanha-a-Nova,Castelo Branco,2026-10-03,ine_transaction_eur_m2,412,,False
0505,Idanha-a-Nova,Castelo Branco,2026-10-03,listings_rent,1,1,False
0505,Idanha-a-Nova,Castelo Branco,2026-10-03,listings_sale,146,146,False
0505,Idanha-a-Nova,Castelo Branco,2026-10-03,median_asking_eur_m2_sale,671,51,False
0505,Idanha-a-Nova,Castelo Branco,2026-10-03,median_asking_price_sale,67000,52,False
0505,Idanha-a-Nova,Castelo Branco,2026-10-03,median_days_on_market,326,134,False
0505,Idanha-a-Nova,Castelo Branco,2026-10-03,median_rent_eur_m2,,1,True
0505,Idanha-a-Nova,Castelo Branco,2026-10-03,median_rent_month,,1,True
0505,Idanha-a-Nova,Castelo Branco,2026-10-03,price_reduced_share_pct,18.7,134,False
0505,Idanha-a-Nova,Castelo Branco,2026-10-03,short_term_rental_registrations,77,,False
0505,Idanha-a-Nova,Castelo Branco,2026-10-03,top_agency_share_pct,33.3,147,False
0506,Oleiros,Castelo Branco,2026-10-03,agencies,11,19,False
0506,Oleiros,Castelo Branco,2026-10-03,asking_vs_transaction_pct,,7,True
0506,Oleiros,Castelo Branco,2026-10-03,gross_rental_yield_pct,,0,True
0506,Oleiros,Castelo Branco,2026-10-03,ine_transaction_eur_m2,556,,False
0506,Oleiros,Castelo Branco,2026-10-03,listings_rent,0,0,False
0506,Oleiros,Castelo Branco,2026-10-03,listings_sale,19,19,False
0506,Oleiros,Castelo Branco,2026-10-03,median_asking_eur_m2_sale,,7,True
0506,Oleiros,Castelo Branco,2026-10-03,median_asking_price_sale,,8,True
0506,Oleiros,Castelo Branco,2026-10-03,median_days_on_market,,17,True
0506,Oleiros,Castelo Branco,2026-10-03,median_rent_eur_m2,,0,True
0506,Oleiros,Castelo Branco,2026-10-03,median_rent_month,,0,True
0506,Oleiros,Castelo Branco,2026-10-03,price_reduced_share_pct,,17,True
0506,Oleiros,Castelo Branco,2026-10-03,short_term_rental_registrations,25,,False
0507,Penamacor,Castelo Branco,2026-10-03,agencies,8,210,False
0507,Penamacor,Castelo Branco,2026-10-03,asking_vs_transaction_pct,35.7,51,False
0507,Penamacor,Castelo Branco,2026-10-03,gross_rental_yield_pct,,2,True
0507,Penamacor,Castelo Branco,2026-10-03,ine_transaction_eur_m2,395,,False
0507,Penamacor,Castelo Branco,2026-10-03,listings_rent,2,2,False
0507,Penamacor,Castelo Branco,2026-10-03,listings_sale,208,208,False
0507,Penamacor,Castelo Branco,2026-10-03,median_asking_eur_m2_sale,536,51,False
0507,Penamacor,Castelo Branco,2026-10-03,median_asking_price_sale,51750,52,False
0507,Penamacor,Castelo Branco,2026-10-03,median_days_on_market,494,203,False
0507,Penamacor,Castelo Branco,2026-10-03,median_rent_eur_m2,,2,True
0507,Penamacor,Castelo Branco,2026-10-03,median_rent_month,,2,True
0507,Penamacor,Castelo Branco,2026-10-03,price_reduced_share_pct,17.7,203,False
0507,Penamacor,Castelo Branco,2026-10-03,short_term_rental_registrations,53,,False
0507,Penamacor,Castelo Branco,2026-10-03,top_agency_share_pct,65.2,210,False
0508,Proença-a-Nova,Castelo Branco,2026-10-03,agencies,12,44,False
0508,Proença-a-Nova,Castelo Branco,2026-10-03,asking_vs_transaction_pct,,21,True
0508,Proença-a-Nova,Castelo Branco,2026-10-03,gross_rental_yield_pct,,0,True
0508,Proença-a-Nova,Castelo Branco,2026-10-03,ine_transaction_eur_m2,584,,False
0508,Proença-a-Nova,Castelo Branco,2026-10-03,listings_rent,0,0,False
0508,Proença-a-Nova,Castelo Branco,2026-10-03,listings_sale,44,44,False
0508,Proença-a-Nova,Castelo Branco,2026-10-03,median_asking_eur_m2_sale,,21,True
0508,Proença-a-Nova,Castelo Branco,2026-10-03,median_asking_price_sale,,21,True
0508,Proença-a-Nova,Castelo Branco,2026-10-03,median_days_on_market,726,42,False
0508,Proença-a-Nova,Castelo Branco,2026-10-03,median_rent_eur_m2,,0,True
0508,Proença-a-Nova,Castelo Branco,2026-10-03,median_rent_month,,0,True
0508,Proença-a-Nova,Castelo Branco,2026-10-03,price_reduced_share_pct,26.2,42,False
0508,Proença-a-Nova,Castelo Branco,2026-10-03,short_term_rental_registrations,68,,False
0508,Proença-a-Nova,Castelo Branco,2026-10-03,top_agency_share_pct,61.4,44,False
0509,Sertã,Castelo Branco,2026-10-03,agencies,16,154,False
0509,Sertã,Castelo Branco,2026-10-03,asking_vs_transaction_pct,-16.0,54,False
0509,Sertã,Castelo Branco,2026-10-03,gross_rental_yield_pct,,0,True
0509,Sertã,Castelo Branco,2026-10-03,ine_transaction_eur_m2,915,,False
0509,Sertã,Castelo Branco,2026-10-03,listings_rent,1,1,False
0509,Sertã,Castelo Branco,2026-10-03,listings_sale,153,153,False
0509,Sertã,Castelo Branco,2026-10-03,median_asking_eur_m2_sale,769,54,False
0509,Sertã,Castelo Branco,2026-10-03,median_asking_price_sale,80000,55,False
0509,Sertã,Castelo Branco,2026-10-03,median_days_on_market,622,146,False
0509,Sertã,Castelo Branco,2026-10-03,median_rent_eur_m2,,0,True
0509,Sertã,Castelo Branco,2026-10-03,median_rent_month,,0,True
0509,Sertã,Castelo Branco,2026-10-03,price_reduced_share_pct,34.9,146,False
0509,Sertã,Castelo Branco,2026-10-03,short_term_rental_registrations,63,,False
0509,Sertã,Castelo Branco,2026-10-03,top_agency_share_pct,83.8,154,False
0510,Vila de Rei,Castelo Branco,2026-10-03,agencies,12,66,False
0510,Vila de Rei,Castelo Branco,2026-10-03,asking_vs_transaction_pct,,26,True
0510,Vila de Rei,Castelo Branco,2026-10-03,gross_rental_yield_pct,,0,True
0510,Vila de Rei,Castelo Branco,2026-10-03,ine_transaction_eur_m2,864,,False
0510,Vila de Rei,Castelo Branco,2026-10-03,listings_rent,0,0,False
0510,Vila de Rei,Castelo Branco,2026-10-03,listings_sale,66,66,False
0510,Vila de Rei,Castelo Branco,2026-10-03,median_asking_eur_m2_sale,,26,True
0510,Vila de Rei,Castelo Branco,2026-10-03,median_asking_price_sale,,27,True
0510,Vila de Rei,Castelo Branco,2026-10-03,median_days_on_market,160,62,False
0510,Vila de Rei,Castelo Branco,2026-10-03,median_rent_eur_m2,,0,True
0510,Vila de Rei,Castelo Branco,2026-10-03,median_rent_month,,0,True
0510,Vila de Rei,Castelo Branco,2026-10-03,price_reduced_share_pct,11.3,62,False
0510,Vila de Rei,Castelo Branco,2026-10-03,short_term_rental_registrations,38,,False
0510,Vila de Rei,Castelo Branco,2026-10-03,top_agency_share_pct,54.5,66,False
0511,Vila Velha de Ródão,Castelo Branco,2026-10-03,agencies,8,66,False
0511,Vila Velha de Ródão,Castelo Branco,2026-10-03,asking_vs_transaction_pct,,15,True
0511,Vila Velha de Ródão,Castelo Branco,2026-10-03,gross_rental_yield_pct,,0,True
0511,Vila Velha de Ródão,Castelo Branco,2026-10-03,ine_transaction_eur_m2,395,,False
0511,Vila Velha de Ródão,Castelo Branco,2026-10-03,listings_rent,0,0,False
0511,Vila Velha de Ródão,Castelo Branco,2026-10-03,listings_sale,66,66,False
0511,Vila Velha de Ródão,Castelo Branco,2026-10-03,median_asking_eur_m2_sale,,15,True
0511,Vila Velha de Ródão,Castelo Branco,2026-10-03,median_asking_price_sale,,17,True
0511,Vila Velha de Ródão,Castelo Branco,2026-10-03,median_days_on_market,412,66,False
0511,Vila Velha de Ródão,Castelo Branco,2026-10-03,median_rent_eur_m2,,0,True
0511,Vila Velha de Ródão,Castelo Branco,2026-10-03,median_rent_month,,0,True
0511,Vila Velha de Ródão,Castelo Branco,2026-10-03,price_reduced_share_pct,21.2,66,False
0511,Vila Velha de Ródão,Castelo Branco,2026-10-03,short_term_rental_registrations,14,,False
0511,Vila Velha de Ródão,Castelo Branco,2026-10-03,top_agency_share_pct,66.7,66,False
0601,Arganil,Coimbra,2026-10-03,agencies,23,87,False
0601,Arganil,Coimbra,2026-10-03,asking_vs_transaction_pct,23.9,48,False
0601,Arganil,Coimbra,2026-10-03,gross_rental_yield_pct,,1,True
0601,Arganil,Coimbra,2026-10-03,ine_transaction_eur_m2,685,,False
0601,Arganil,Coimbra,2026-10-03,listings_rent,1,1,False
0601,Arganil,Coimbra,2026-10-03,listings_sale,86,86,False
0601,Arganil,Coimbra,2026-10-03,median_asking_eur_m2_sale,849,48,False
0601,Arganil,Coimbra,2026-10-03,median_asking_price_sale,87500,48,False
0601,Arganil,Coimbra,2026-10-03,median_days_on_market,211,74,False
0601,Arganil,Coimbra,2026-10-03,median_rent_eur_m2,,1,True
0601,Arganil,Coimbra,2026-10-03,median_rent_month,,1,True
0601,Arganil,Coimbra,2026-10-03,price_reduced_share_pct,36.5,74,False
0601,Arganil,Coimbra,2026-10-03,short_term_rental_registrations,166,,False
0601,Arganil,Coimbra,2026-10-03,top_agency_share_pct,36.8,87,False
0602,Cantanhede,Coimbra,2026-10-03,agencies,28,265,False
0602,Cantanhede,Coimbra,2026-10-03,asking_vs_transaction_pct,78.5,77,False
0602,Cantanhede,Coimbra,2026-10-03,gross_rental_yield_pct,,4,True
0602,Cantanhede,Coimbra,2026-10-03,ine_transaction_eur_m2,1100,,False
0602,Cantanhede,Coimbra,2026-10-03,listings_rent,9,9,False
0602,Cantanhede,Coimbra,2026-10-03,listings_sale,256,256,False
0602,Cantanhede,Coimbra,2026-10-03,median_asking_eur_m2_sale,1963,77,False
0602,Cantanhede,Coimbra,2026-10-03,median_asking_price_sale,205000,77,False
0602,Cantanhede,Coimbra,2026-10-03,median_days_on_market,160,251,False
0602,Cantanhede,Coimbra,2026-10-03,median_rent_eur_m2,,4,True
0602,Cantanhede,Coimbra,2026-10-03,median_rent_month,,4,True
0602,Cantanhede,Coimbra,2026-10-03,price_reduced_share_pct,22.3,251,False
0602,Cantanhede,Coimbra,2026-10-03,short_term_rental_registrations,32,,False
0602,Cantanhede,Coimbra,2026-10-03,top_agency_share_pct,48.3,265,False
0603,Coimbra,Coimbra,2026-10-03,agencies,46,1203,False
0603,Coimbra,Coimbra,2026-10-03,asking_vs_transaction_pct,42.9,625,False
0603,Coimbra,Coimbra,2026-10-03,gross_rental_yield_pct,4.4,45,False
0603,Coimbra,Coimbra,2026-10-03,ine_transaction_eur_m2,2210,,False
0603,Coimbra,Coimbra,2026-10-03,listings_rent,88,88,False
0603,Coimbra,Coimbra,2026-10-03,listings_sale,1115,1115,False
0603,Coimbra,Coimbra,2026-10-03,median_asking_eur_m2_sale,3157,625,False
0603,Coimbra,Coimbra,2026-10-03,median_asking_price_sale,297000,625,False
0603,Coimbra,Coimbra,2026-10-03,median_days_on_market,160,849,False
0603,Coimbra,Coimbra,2026-10-03,median_rent_eur_m2,11.5,45,False
0603,Coimbra,Coimbra,2026-10-03,median_rent_month,938,52,False
0603,Coimbra,Coimbra,2026-10-03,price_reduced_share_pct,17.5,848,False
0603,Coimbra,Coimbra,2026-10-03,short_term_rental_registrations,478,,False
0603,Coimbra,Coimbra,2026-10-03,top_agency_share_pct,27.2,1203,False
0604,Condeixa-a-Nova,Coimbra,2026-10-03,agencies,19,138,False
0604,Condeixa-a-Nova,Coimbra,2026-10-03,asking_vs_transaction_pct,44.0,71,False
0604,Condeixa-a-Nova,Coimbra,2026-10-03,gross_rental_yield_pct,,6,True
0604,Condeixa-a-Nova,Coimbra,2026-10-03,ine_transaction_eur_m2,1622,,False
0604,Condeixa-a-Nova,Coimbra,2026-10-03,listings_rent,8,8,False
0604,Condeixa-a-Nova,Coimbra,2026-10-03,listings_sale,130,130,False
0604,Condeixa-a-Nova,Coimbra,2026-10-03,median_asking_eur_m2_sale,2335,71,False
0604,Condeixa-a-Nova,Coimbra,2026-10-03,median_asking_price_sale,285000,71,False
0604,Condeixa-a-Nova,Coimbra,2026-10-03,median_days_on_market,252,121,False
0604,Condeixa-a-Nova,Coimbra,2026-10-03,median_rent_eur_m2,,6,True
0604,Condeixa-a-Nova,Coimbra,2026-10-03,median_rent_month,,6,True
0604,Condeixa-a-Nova,Coimbra,2026-10-03,price_reduced_share_pct,19.0,121,False
0604,Condeixa-a-Nova,Coimbra,2026-10-03,short_term_rental_registrations,32,,False
0604,Condeixa-a-Nova,Coimbra,2026-10-03,top_agency_share_pct,25.4,138,False
0605,Figueira da Foz,Coimbra,2026-10-03,agencies,45,495,False
0605,Figueira da Foz,Coimbra,2026-10-03,asking_vs_transaction_pct,65.1,268,False
0605,Figueira da Foz,Coimbra,2026-10-03,gross_rental_yield_pct,,17,True
0605,Figueira da Foz,Coimbra,2026-10-03,ine_transaction_eur_m2,1789,,False
0605,Figueira da Foz,Coimbra,2026-10-03,listings_rent,23,23,False
0605,Figueira da Foz,Coimbra,2026-10-03,listings_sale,472,472,False
0605,Figueira da Foz,Coimbra,2026-10-03,median_asking_eur_m2_sale,2954,268,False
0605,Figueira da Foz,Coimbra,2026-10-03,median_asking_price_sale,295000,269,False
0605,Figueira da Foz,Coimbra,2026-10-03,median_days_on_market,162,434,False
0605,Figueira da Foz,Coimbra,2026-10-03,median_rent_eur_m2,,17,True
0605,Figueira da Foz,Coimbra,2026-10-03,median_rent_month,,17,True
0605,Figueira da Foz,Coimbra,2026-10-03,price_reduced_share_pct,23.7,434,False
0605,Figueira da Foz,Coimbra,2026-10-03,short_term_rental_registrations,535,,False
0605,Figueira da Foz,Coimbra,2026-10-03,top_agency_share_pct,25.1,495,False
0606,Góis,Coimbra,2026-10-03,agencies,9,35,False
0606,Góis,Coimbra,2026-10-03,asking_vs_transaction_pct,,20,True
0606,Góis,Coimbra,2026-10-03,gross_rental_yield_pct,,0,True
0606,Góis,Coimbra,2026-10-03,ine_transaction_eur_m2,756,,False
0606,Góis,Coimbra,2026-10-03,listings_rent,0,0,False
0606,Góis,Coimbra,2026-10-03,listings_sale,35,35,False
0606,Góis,Coimbra,2026-10-03,median_asking_eur_m2_sale,,20,True
0606,Góis,Coimbra,2026-10-03,median_asking_price_sale,,20,True
0606,Góis,Coimbra,2026-10-03,median_days_on_market,360,32,False
0606,Góis,Coimbra,2026-10-03,median_rent_eur_m2,,0,True
0606,Góis,Coimbra,2026-10-03,median_rent_month,,0,True
0606,Góis,Coimbra,2026-10-03,price_reduced_share_pct,46.9,32,False
0606,Góis,Coimbra,2026-10-03,short_term_rental_registrations,66,,False
0606,Góis,Coimbra,2026-10-03,top_agency_share_pct,51.4,35,False
0607,Lousã,Coimbra,2026-10-03,agencies,14,140,False
0607,Lousã,Coimbra,2026-10-03,asking_vs_transaction_pct,43.0,88,False
0607,Lousã,Coimbra,2026-10-03,gross_rental_yield_pct,,2,True
0607,Lousã,Coimbra,2026-10-03,ine_transaction_eur_m2,1411,,False
0607,Lousã,Coimbra,2026-10-03,listings_rent,2,2,False
0607,Lousã,Coimbra,2026-10-03,listings_sale,138,138,False
0607,Lousã,Coimbra,2026-10-03,median_asking_eur_m2_sale,2018,88,False
0607,Lousã,Coimbra,2026-10-03,median_asking_price_sale,246000,89,False
0607,Lousã,Coimbra,2026-10-03,median_days_on_market,219,131,False
0607,Lousã,Coimbra,2026-10-03,median_rent_eur_m2,,2,True
0607,Lousã,Coimbra,2026-10-03,median_rent_month,,2,True
0607,Lousã,Coimbra,2026-10-03,price_reduced_share_pct,25.2,131,False
0607,Lousã,Coimbra,2026-10-03,short_term_rental_registrations,172,,False
0607,Lousã,Coimbra,2026-10-03,top_agency_share_pct,38.6,140,False
0608,Mira,Coimbra,2026-10-03,agencies,11,79,False
0608,Mira,Coimbra,2026-10-03,asking_vs_transaction_pct,,26,True
0608,Mira,Coimbra,2026-10-03,gross_rental_yield_pct,,1,True
0608,Mira,Coimbra,2026-10-03,ine_transaction_eur_m2,1515,,False
0608,Mira,Coimbra,2026-10-03,listings_rent,2,2,False
0608,Mira,Coimbra,2026-10-03,listings_sale,77,77,False
0608,Mira,Coimbra,2026-10-03,median_asking_eur_m2_sale,,26,True
0608,Mira,Coimbra,2026-10-03,median_asking_price_sale,,27,True
0608,Mira,Coimbra,2026-10-03,median_days_on_market,271,66,False
0608,Mira,Coimbra,2026-10-03,median_rent_eur_m2,,1,True
0608,Mira,Coimbra,2026-10-03,median_rent_month,,1,True
0608,Mira,Coimbra,2026-10-03,price_reduced_share_pct,28.8,66,False
0608,Mira,Coimbra,2026-10-03,short_term_rental_registrations,144,,False
0608,Mira,Coimbra,2026-10-03,top_agency_share_pct,65.8,79,False
0609,Miranda do Corvo,Coimbra,2026-10-03,agencies,15,74,False
0609,Miranda do Corvo,Coimbra,2026-10-03,asking_vs_transaction_pct,28.9,41,False
0609,Miranda do Corvo,Coimbra,2026-10-03,gross_rental_yield_pct,,0,True
0609,Miranda do Corvo,Coimbra,2026-10-03,ine_transaction_eur_m2,903,,False
0609,Miranda do Corvo,Coimbra,2026-10-03,listings_rent,0,0,False
0609,Miranda do Corvo,Coimbra,2026-10-03,listings_sale,74,74,False
0609,Miranda do Corvo,Coimbra,2026-10-03,median_asking_eur_m2_sale,1164,41,False
0609,Miranda do Corvo,Coimbra,2026-10-03,median_asking_price_sale,94750,42,False
0609,Miranda do Corvo,Coimbra,2026-10-03,median_days_on_market,252,63,False
0609,Miranda do Corvo,Coimbra,2026-10-03,median_rent_eur_m2,,0,True
0609,Miranda do Corvo,Coimbra,2026-10-03,median_rent_month,,0,True
0609,Miranda do Corvo,Coimbra,2026-10-03,price_reduced_share_pct,27.0,63,False
0609,Miranda do Corvo,Coimbra,2026-10-03,short_term_rental_registrations,78,,False
0609,Miranda do Corvo,Coimbra,2026-10-03,top_agency_share_pct,21.6,74,False
0610,Montemor-o-Velho,Coimbra,2026-10-03,agencies,17,148,False
0610,Montemor-o-Velho,Coimbra,2026-10-03,asking_vs_transaction_pct,46.0,61,False
0610,Montemor-o-Velho,Coimbra,2026-10-03,gross_rental_yield_pct,,0,True
0610,Montemor-o-Velho,Coimbra,2026-10-03,ine_transaction_eur_m2,1142,,False
0610,Montemor-o-Velho,Coimbra,2026-10-03,listings_rent,1,1,False
0610,Montemor-o-Velho,Coimbra,2026-10-03,listings_sale,147,147,False
0610,Montemor-o-Velho,Coimbra,2026-10-03,median_asking_eur_m2_sale,1667,61,False
0610,Montemor-o-Velho,Coimbra,2026-10-03,median_asking_price_sale,160000,61,False
0610,Montemor-o-Velho,Coimbra,2026-10-03,median_days_on_market,172,128,False
0610,Montemor-o-Velho,Coimbra,2026-10-03,median_rent_eur_m2,,0,True
0610,Montemor-o-Velho,Coimbra,2026-10-03,median_rent_month,,0,True
0610,Montemor-o-Velho,Coimbra,2026-10-03,price_reduced_share_pct,23.4,128,False
0610,Montemor-o-Velho,Coimbra,2026-10-03,short_term_rental_registrations,39,,False
0610,Montemor-o-Velho,Coimbra,2026-10-03,top_agency_share_pct,20.9,148,False
0611,Oliveira do Hospital,Coimbra,2026-10-03,agencies,19,167,False
0611,Oliveira do Hospital,Coimbra,2026-10-03,asking_vs_transaction_pct,16.5,94,False
0611,Oliveira do Hospital,Coimbra,2026-10-03,gross_rental_yield_pct,,0,True
0611,Oliveira do Hospital,Coimbra,2026-10-03,ine_transaction_eur_m2,746,,False
0611,Oliveira do Hospital,Coimbra,2026-10-03,listings_rent,1,1,False
0611,Oliveira do Hospital,Coimbra,2026-10-03,listings_sale,166,166,False
0611,Oliveira do Hospital,Coimbra,2026-10-03,median_asking_eur_m2_sale,869,94,False
0611,Oliveira do Hospital,Coimbra,2026-10-03,median_asking_price_sale,145000,95,False
0611,Oliveira do Hospital,Coimbra,2026-10-03,median_days_on_market,276,160,False
0611,Oliveira do Hospital,Coimbra,2026-10-03,median_rent_eur_m2,,0,True
0611,Oliveira do Hospital,Coimbra,2026-10-03,median_rent_month,,0,True
0611,Oliveira do Hospital,Coimbra,2026-10-03,price_reduced_share_pct,24.4,160,False
0611,Oliveira do Hospital,Coimbra,2026-10-03,short_term_rental_registrations,125,,False
0611,Oliveira do Hospital,Coimbra,2026-10-03,top_agency_share_pct,69.5,167,False
0612,Pampilhosa da Serra,Coimbra,2026-10-03,agencies,12,27,False
0612,Pampilhosa da Serra,Coimbra,2026-10-03,asking_vs_transaction_pct,,19,True
0612,Pampilhosa da Serra,Coimbra,2026-10-03,gross_rental_yield_pct,,0,True
0612,Pampilhosa da Serra,Coimbra,2026-10-03,ine_transaction_eur_m2,465,,False
0612,Pampilhosa da Serra,Coimbra,2026-10-03,listings_rent,0,0,False
0612,Pampilhosa da Serra,Coimbra,2026-10-03,listings_sale,27,27,False
0612,Pampilhosa da Serra,Coimbra,2026-10-03,median_asking_eur_m2_sale,,19,True
0612,Pampilhosa da Serra,Coimbra,2026-10-03,median_asking_price_sale,,20,True
0612,Pampilhosa da Serra,Coimbra,2026-10-03,median_days_on_market,,25,True
0612,Pampilhosa da Serra,Coimbra,2026-10-03,median_rent_eur_m2,,0,True
0612,Pampilhosa da Serra,Coimbra,2026-10-03,median_rent_month,,0,True
0612,Pampilhosa da Serra,Coimbra,2026-10-03,price_reduced_share_pct,,25,True
0612,Pampilhosa da Serra,Coimbra,2026-10-03,short_term_rental_registrations,36,,False
0613,Penacova,Coimbra,2026-10-03,agencies,17,105,False
0613,Penacova,Coimbra,2026-10-03,asking_vs_transaction_pct,34.6,52,False
0613,Penacova,Coimbra,2026-10-03,gross_rental_yield_pct,,0,True
0613,Penacova,Coimbra,2026-10-03,ine_transaction_eur_m2,595,,False
0613,Penacova,Coimbra,2026-10-03,listings_rent,2,2,False
0613,Penacova,Coimbra,2026-10-03,listings_sale,103,103,False
0613,Penacova,Coimbra,2026-10-03,median_asking_eur_m2_sale,801,52,False
0613,Penacova,Coimbra,2026-10-03,median_asking_price_sale,95000,53,False
0613,Penacova,Coimbra,2026-10-03,median_days_on_market,189,73,False
0613,Penacova,Coimbra,2026-10-03,median_rent_eur_m2,,0,True
0613,Penacova,Coimbra,2026-10-03,median_rent_month,,0,True
0613,Penacova,Coimbra,2026-10-03,price_reduced_share_pct,20.5,73,False
0613,Penacova,Coimbra,2026-10-03,short_term_rental_registrations,79,,False
0613,Penacova,Coimbra,2026-10-03,top_agency_share_pct,28.6,105,False
0614,Penela,Coimbra,2026-10-03,agencies,17,44,False
0614,Penela,Coimbra,2026-10-03,asking_vs_transaction_pct,,23,True
0614,Penela,Coimbra,2026-10-03,gross_rental_yield_pct,,1,True
0614,Penela,Coimbra,2026-10-03,ine_transaction_eur_m2,744,,False
0614,Penela,Coimbra,2026-10-03,listings_rent,1,1,False
0614,Penela,Coimbra,2026-10-03,listings_sale,43,43,False
0614,Penela,Coimbra,2026-10-03,median_asking_eur_m2_sale,,23,True
0614,Penela,Coimbra,2026-10-03,median_asking_price_sale,,23,True
0614,Penela,Coimbra,2026-10-03,median_days_on_market,223,40,False
0614,Penela,Coimbra,2026-10-03,median_rent_eur_m2,,1,True
0614,Penela,Coimbra,2026-10-03,median_rent_month,,1,True
0614,Penela,Coimbra,2026-10-03,price_reduced_share_pct,37.5,40,False
0614,Penela,Coimbra,2026-10-03,short_term_rental_registrations,59,,False
0614,Penela,Coimbra,2026-10-03,top_agency_share_pct,18.2,44,False
0615,Soure,Coimbra,2026-10-03,agencies,16,191,False
0615,Soure,Coimbra,2026-10-03,asking_vs_transaction_pct,4.8,87,False
0615,Soure,Coimbra,2026-10-03,gross_rental_yield_pct,,8,True
0615,Soure,Coimbra,2026-10-03,ine_transaction_eur_m2,884,,False
0615,Soure,Coimbra,2026-10-03,listings_rent,9,9,False
0615,Soure,Coimbra,2026-10-03,listings_sale,182,182,False
0615,Soure,Coimbra,2026-10-03,median_asking_eur_m2_sale,926,87,False
0615,Soure,Coimbra,2026-10-03,median_asking_price_sale,92000,87,False
0615,Soure,Coimbra,2026-10-03,median_days_on_market,227,129,False
0615,Soure,Coimbra,2026-10-03,median_rent_eur_m2,,8,True
0615,Soure,Coimbra,2026-10-03,median_rent_month,,8,True
0615,Soure,Coimbra,2026-10-03,price_reduced_share_pct,27.1,129,False
0615,Soure,Coimbra,2026-10-03,short_term_rental_registrations,26,,False
0615,Soure,Coimbra,2026-10-03,top_agency_share_pct,32.5,191,False
0616,Tábua,Coimbra,2026-10-03,agencies,16,65,False
0616,Tábua,Coimbra,2026-10-03,asking_vs_transaction_pct,,26,True
0616,Tábua,Coimbra,2026-10-03,gross_rental_yield_pct,,0,True
0616,Tábua,Coimbra,2026-10-03,ine_transaction_eur_m2,768,,False
0616,Tábua,Coimbra,2026-10-03,listings_rent,0,0,False
0616,Tábua,Coimbra,2026-10-03,listings_sale,65,65,False
0616,Tábua,Coimbra,2026-10-03,median_asking_eur_m2_sale,,26,True
0616,Tábua,Coimbra,2026-10-03,median_asking_price_sale,,27,True
0616,Tábua,Coimbra,2026-10-03,median_days_on_market,470,54,False
0616,Tábua,Coimbra,2026-10-03,median_rent_eur_m2,,0,True
0616,Tábua,Coimbra,2026-10-03,median_rent_month,,0,True
0616,Tábua,Coimbra,2026-10-03,price_reduced_share_pct,28.3,53,False
0616,Tábua,Coimbra,2026-10-03,short_term_rental_registrations,83,,False
0616,Tábua,Coimbra,2026-10-03,top_agency_share_pct,50.8,65,False
0617,Vila Nova de Poiares,Coimbra,2026-10-03,agencies,15,94,False
0617,Vila Nova de Poiares,Coimbra,2026-10-03,asking_vs_transaction_pct,122.0,48,False
0617,Vila Nova de Poiares,Coimbra,2026-10-03,gross_rental_yield_pct,,0,True
0617,Vila Nova de Poiares,Coimbra,2026-10-03,ine_transaction_eur_m2,1031,,False
0617,Vila Nova de Poiares,Coimbra,2026-10-03,listings_rent,0,0,False
0617,Vila Nova de Poiares,Coimbra,2026-10-03,listings_sale,94,94,False
0617,Vila Nova de Poiares,Coimbra,2026-10-03,median_asking_eur_m2_sale,2289,48,False
0617,Vila Nova de Poiares,Coimbra,2026-10-03,median_asking_price_sale,238000,49,False
0617,Vila Nova de Poiares,Coimbra,2026-10-03,median_days_on_market,172,79,False
0617,Vila Nova de Poiares,Coimbra,2026-10-03,median_rent_eur_m2,,0,True
0617,Vila Nova de Poiares,Coimbra,2026-10-03,median_rent_month,,0,True
0617,Vila Nova de Poiares,Coimbra,2026-10-03,price_reduced_share_pct,30.4,79,False
0617,Vila Nova de Poiares,Coimbra,2026-10-03,short_term_rental_registrations,21,,False
0617,Vila Nova de Poiares,Coimbra,2026-10-03,top_agency_share_pct,27.7,94,False
0701,Alandroal,Évora,2026-10-03,agencies,14,39,False
0701,Alandroal,Évora,2026-10-03,asking_vs_transaction_pct,,18,True
0701,Alandroal,Évora,2026-10-03,gross_rental_yield_pct,,0,True
0701,Alandroal,Évora,2026-10-03,ine_transaction_eur_m2,771,,False
0701,Alandroal,Évora,2026-10-03,listings_rent,0,0,False
0701,Alandroal,Évora,2026-10-03,listings_sale,39,39,False
0701,Alandroal,Évora,2026-10-03,median_asking_eur_m2_sale,,18,True
0701,Alandroal,Évora,2026-10-03,median_asking_price_sale,,19,True
0701,Alandroal,Évora,2026-10-03,median_days_on_market,171,33,False
0701,Alandroal,Évora,2026-10-03,median_rent_eur_m2,,0,True
0701,Alandroal,Évora,2026-10-03,median_rent_month,,0,True
0701,Alandroal,Évora,2026-10-03,price_reduced_share_pct,15.2,33,False
0701,Alandroal,Évora,2026-10-03,short_term_rental_registrations,54,,False
0701,Alandroal,Évora,2026-10-03,top_agency_share_pct,38.5,39,False
0702,Arraiolos,Évora,2026-10-03,agencies,19,41,False
0702,Arraiolos,Évora,2026-10-03,asking_vs_transaction_pct,,19,True
0702,Arraiolos,Évora,2026-10-03,gross_rental_yield_pct,,0,True
0702,Arraiolos,Évora,2026-10-03,ine_transaction_eur_m2,1286,,False
0702,Arraiolos,Évora,2026-10-03,listings_rent,0,0,False
0702,Arraiolos,Évora,2026-10-03,listings_sale,41,41,False
0702,Arraiolos,Évora,2026-10-03,median_asking_eur_m2_sale,,19,True
0702,Arraiolos,Évora,2026-10-03,median_asking_price_sale,,19,True
0702,Arraiolos,Évora,2026-10-03,median_days_on_market,160,38,False
0702,Arraiolos,Évora,2026-10-03,median_rent_eur_m2,,0,True
0702,Arraiolos,Évora,2026-10-03,median_rent_month,,0,True
0702,Arraiolos,Évora,2026-10-03,price_reduced_share_pct,34.2,38,False
0702,Arraiolos,Évora,2026-10-03,short_term_rental_registrations,51,,False
0702,Arraiolos,Évora,2026-10-03,top_agency_share_pct,17.1,41,False
0703,Borba,Évora,2026-10-03,agencies,8,30,False
0703,Borba,Évora,2026-10-03,asking_vs_transaction_pct,,17,True
0703,Borba,Évora,2026-10-03,gross_rental_yield_pct,,1,True
0703,Borba,Évora,2026-10-03,ine_transaction_eur_m2,924,,False
0703,Borba,Évora,2026-10-03,listings_rent,1,1,False
0703,Borba,Évora,2026-10-03,listings_sale,29,29,False
0703,Borba,Évora,2026-10-03,median_asking_eur_m2_sale,,17,True
0703,Borba,Évora,2026-10-03,median_asking_price_sale,,17,True
0703,Borba,Évora,2026-10-03,median_days_on_market,,28,True
0703,Borba,Évora,2026-10-03,median_rent_eur_m2,,1,True
0703,Borba,Évora,2026-10-03,median_rent_month,,1,True
0703,Borba,Évora,2026-10-03,price_reduced_share_pct,,28,True
0703,Borba,Évora,2026-10-03,short_term_rental_registrations,28,,False
0703,Borba,Évora,2026-10-03,top_agency_share_pct,23.3,30,False
0704,Estremoz,Évora,2026-10-03,agencies,17,68,False
0704,Estremoz,Évora,2026-10-03,asking_vs_transaction_pct,110.3,30,False
0704,Estremoz,Évora,2026-10-03,gross_rental_yield_pct,,1,True
0704,Estremoz,Évora,2026-10-03,ine_transaction_eur_m2,843,,False
0704,Estremoz,Évora,2026-10-03,listings_rent,2,2,False
0704,Estremoz,Évora,2026-10-03,listings_sale,66,66,False
0704,Estremoz,Évora,2026-10-03,median_asking_eur_m2_sale,1773,30,False
0704,Estremoz,Évora,2026-10-03,median_asking_price_sale,117500,30,False
0704,Estremoz,Évora,2026-10-03,median_days_on_market,162,62,False
0704,Estremoz,Évora,2026-10-03,median_rent_eur_m2,,1,True
0704,Estremoz,Évora,2026-10-03,median_rent_month,,1,True
0704,Estremoz,Évora,2026-10-03,price_reduced_share_pct,22.6,62,False
0704,Estremoz,Évora,2026-10-03,short_term_rental_registrations,77,,False
0704,Estremoz,Évora,2026-10-03,top_agency_share_pct,32.4,68,False
0705,Évora,Évora,2026-10-03,agencies,30,178,False
0705,Évora,Évora,2026-10-03,asking_vs_transaction_pct,32.9,60,False
0705,Évora,Évora,2026-10-03,gross_rental_yield_pct,,17,True
0705,Évora,Évora,2026-10-03,ine_transaction_eur_m2,2255,,False
0705,Évora,Évora,2026-10-03,listings_rent,31,31,False
0705,Évora,Évora,2026-10-03,listings_sale,147,147,False
0705,Évora,Évora,2026-10-03,median_asking_eur_m2_sale,2996,60,False
0705,Évora,Évora,2026-10-03,median_asking_price_sale,295000,61,False
0705,Évora,Évora,2026-10-03,median_days_on_market,143,155,False
0705,Évora,Évora,2026-10-03,median_rent_eur_m2,,17,True
0705,Évora,Évora,2026-10-03,median_rent_month,,17,True
0705,Évora,Évora,2026-10-03,price_reduced_share_pct,31.2,154,False
0705,Évora,Évora,2026-10-03,short_term_rental_registrations,448,,False
0705,Évora,Évora,2026-10-03,top_agency_share_pct,39.9,178,False
0706,Montemor-o-Novo,Évora,2026-10-03,agencies,28,111,False
0706,Montemor-o-Novo,Évora,2026-10-03,asking_vs_transaction_pct,109.9,41,False
0706,Montemor-o-Novo,Évora,2026-10-03,gross_rental_yield_pct,,0,True
0706,Montemor-o-Novo,Évora,2026-10-03,ine_transaction_eur_m2,1436,,False
0706,Montemor-o-Novo,Évora,2026-10-03,listings_rent,2,2,False
0706,Montemor-o-Novo,Évora,2026-10-03,listings_sale,109,109,False
0706,Montemor-o-Novo,Évora,2026-10-03,median_asking_eur_m2_sale,3014,41,False
0706,Montemor-o-Novo,Évora,2026-10-03,median_asking_price_sale,418000,41,False
0706,Montemor-o-Novo,Évora,2026-10-03,median_days_on_market,238,100,False
0706,Montemor-o-Novo,Évora,2026-10-03,median_rent_eur_m2,,0,True
0706,Montemor-o-Novo,Évora,2026-10-03,median_rent_month,,0,True
0706,Montemor-o-Novo,Évora,2026-10-03,price_reduced_share_pct,24.0,100,False
0706,Montemor-o-Novo,Évora,2026-10-03,short_term_rental_registrations,104,,False
0706,Montemor-o-Novo,Évora,2026-10-03,top_agency_share_pct,37.8,111,False
0707,Mora,Évora,2026-10-03,agencies,16,24,False
0707,Mora,Évora,2026-10-03,asking_vs_transaction_pct,,6,True
0707,Mora,Évora,2026-10-03,gross_rental_yield_pct,,0,True
0707,Mora,Évora,2026-10-03,ine_transaction_eur_m2,1041,,False
0707,Mora,Évora,2026-10-03,listings_rent,0,0,False
0707,Mora,Évora,2026-10-03,listings_sale,24,24,False
0707,Mora,Évora,2026-10-03,median_asking_eur_m2_sale,,6,True
0707,Mora,Évora,2026-10-03,median_asking_price_sale,,6,True
0707,Mora,Évora,2026-10-03,median_days_on_market,,20,True
0707,Mora,Évora,2026-10-03,median_rent_eur_m2,,0,True
0707,Mora,Évora,2026-10-03,median_rent_month,,0,True
0707,Mora,Évora,2026-10-03,price_reduced_share_pct,,20,True
0707,Mora,Évora,2026-10-03,short_term_rental_registrations,27,,False
0708,Mourão,Évora,2026-10-03,agencies,10,18,False
0708,Mourão,Évora,2026-10-03,asking_vs_transaction_pct,,4,True
0708,Mourão,Évora,2026-10-03,gross_rental_yield_pct,,0,True
0708,Mourão,Évora,2026-10-03,ine_transaction_eur_m2,755,,False
0708,Mourão,Évora,2026-10-03,listings_rent,0,0,False
0708,Mourão,Évora,2026-10-03,listings_sale,18,18,False
0708,Mourão,Évora,2026-10-03,median_asking_eur_m2_sale,,4,True
0708,Mourão,Évora,2026-10-03,median_asking_price_sale,,4,True
0708,Mourão,Évora,2026-10-03,median_days_on_market,,17,True
0708,Mourão,Évora,2026-10-03,median_rent_eur_m2,,0,True
0708,Mourão,Évora,2026-10-03,median_rent_month,,0,True
0708,Mourão,Évora,2026-10-03,price_reduced_share_pct,,17,True
0708,Mourão,Évora,2026-10-03,short_term_rental_registrations,72,,False
0709,Portel,Évora,2026-10-03,agencies,10,26,False
0709,Portel,Évora,2026-10-03,asking_vs_transaction_pct,,11,True
0709,Portel,Évora,2026-10-03,gross_rental_yield_pct,,0,True
0709,Portel,Évora,2026-10-03,ine_transaction_eur_m2,815,,False
0709,Portel,Évora,2026-10-03,listings_rent,0,0,False
0709,Portel,Évora,2026-10-03,listings_sale,26,26,False
0709,Portel,Évora,2026-10-03,median_asking_eur_m2_sale,,11,True
0709,Portel,Évora,2026-10-03,median_asking_price_sale,,11,True
0709,Portel,Évora,2026-10-03,median_days_on_market,,21,True
0709,Portel,Évora,2026-10-03,median_rent_eur_m2,,0,True
0709,Portel,Évora,2026-10-03,median_rent_month,,0,True
0709,Portel,Évora,2026-10-03,price_reduced_share_pct,,21,True
0709,Portel,Évora,2026-10-03,short_term_rental_registrations,55,,False
0710,Redondo,Évora,2026-10-03,agencies,8,21,False
0710,Redondo,Évora,2026-10-03,asking_vs_transaction_pct,,9,True
0710,Redondo,Évora,2026-10-03,gross_rental_yield_pct,,0,True
0710,Redondo,Évora,2026-10-03,ine_transaction_eur_m2,920,,False
0710,Redondo,Évora,2026-10-03,listings_rent,0,0,False
0710,Redondo,Évora,2026-10-03,listings_sale,21,21,False
0710,Redondo,Évora,2026-10-03,median_asking_eur_m2_sale,,9,True
0710,Redondo,Évora,2026-10-03,median_asking_price_sale,,9,True
0710,Redondo,Évora,2026-10-03,median_days_on_market,,19,True
0710,Redondo,Évora,2026-10-03,median_rent_eur_m2,,0,True
0710,Redondo,Évora,2026-10-03,median_rent_month,,0,True
0710,Redondo,Évora,2026-10-03,price_reduced_share_pct,,18,True
0710,Redondo,Évora,2026-10-03,short_term_rental_registrations,65,,False
0711,Reguengos de Monsaraz,Évora,2026-10-03,agencies,22,101,False
0711,Reguengos de Monsaraz,Évora,2026-10-03,asking_vs_transaction_pct,53.1,30,False
0711,Reguengos de Monsaraz,Évora,2026-10-03,gross_rental_yield_pct,,0,True
0711,Reguengos de Monsaraz,Évora,2026-10-03,ine_transaction_eur_m2,1100,,False
0711,Reguengos de Monsaraz,Évora,2026-10-03,listings_rent,0,0,False
0711,Reguengos de Monsaraz,Évora,2026-10-03,listings_sale,101,101,False
0711,Reguengos de Monsaraz,Évora,2026-10-03,median_asking_eur_m2_sale,1684,30,False
0711,Reguengos de Monsaraz,Évora,2026-10-03,median_asking_price_sale,199500,30,False
0711,Reguengos de Monsaraz,Évora,2026-10-03,median_days_on_market,249,88,False
0711,Reguengos de Monsaraz,Évora,2026-10-03,median_rent_eur_m2,,0,True
0711,Reguengos de Monsaraz,Évora,2026-10-03,median_rent_month,,0,True
0711,Reguengos de Monsaraz,Évora,2026-10-03,price_reduced_share_pct,23.9,88,False
0711,Reguengos de Monsaraz,Évora,2026-10-03,short_term_rental_registrations,281,,False
0711,Reguengos de Monsaraz,Évora,2026-10-03,top_agency_share_pct,45.5,101,False
0712,Vendas Novas,Évora,2026-10-03,agencies,14,48,False
0712,Vendas Novas,Évora,2026-10-03,asking_vs_transaction_pct,,20,True
0712,Vendas Novas,Évora,2026-10-03,gross_rental_yield_pct,,1,True
0712,Vendas Novas,Évora,2026-10-03,ine_transaction_eur_m2,1646,,False
0712,Vendas Novas,Évora,2026-10-03,listings_rent,3,3,False
0712,Vendas Novas,Évora,2026-10-03,listings_sale,45,45,False
0712,Vendas Novas,Évora,2026-10-03,median_asking_eur_m2_sale,,20,True
0712,Vendas Novas,Évora,2026-10-03,median_asking_price_sale,,20,True
0712,Vendas Novas,Évora,2026-10-03,median_days_on_market,145,44,False
0712,Vendas Novas,Évora,2026-10-03,median_rent_eur_m2,,1,True
0712,Vendas Novas,Évora,2026-10-03,median_rent_month,,1,True
0712,Vendas Novas,Évora,2026-10-03,price_reduced_share_pct,25.0,44,False
0712,Vendas Novas,Évora,2026-10-03,short_term_rental_registrations,20,,False
0712,Vendas Novas,Évora,2026-10-03,top_agency_share_pct,50.0,48,False
0713,Viana do Alentejo,Évora,2026-10-03,agencies,12,34,False
0713,Viana do Alentejo,Évora,2026-10-03,asking_vs_transaction_pct,,18,True
0713,Viana do Alentejo,Évora,2026-10-03,gross_rental_yield_pct,,0,True
0713,Viana do Alentejo,Évora,2026-10-03,ine_transaction_eur_m2,1058,,False
0713,Viana do Alentejo,Évora,2026-10-03,listings_rent,0,0,False
0713,Viana do Alentejo,Évora,2026-10-03,listings_sale,34,34,False
0713,Viana do Alentejo,Évora,2026-10-03,median_asking_eur_m2_sale,,18,True
0713,Viana do Alentejo,Évora,2026-10-03,median_asking_price_sale,,18,True
0713,Viana do Alentejo,Évora,2026-10-03,median_days_on_market,,29,True
0713,Viana do Alentejo,Évora,2026-10-03,median_rent_eur_m2,,0,True
0713,Viana do Alentejo,Évora,2026-10-03,median_rent_month,,0,True
0713,Viana do Alentejo,Évora,2026-10-03,price_reduced_share_pct,,29,True
0713,Viana do Alentejo,Évora,2026-10-03,short_term_rental_registrations,18,,False
0713,Viana do Alentejo,Évora,2026-10-03,top_agency_share_pct,32.4,34,False
0714,Vila Viçosa,Évora,2026-10-03,agencies,13,22,False
0714,Vila Viçosa,Évora,2026-10-03,asking_vs_transaction_pct,,11,True
0714,Vila Viçosa,Évora,2026-10-03,gross_rental_yield_pct,,0,True
0714,Vila Viçosa,Évora,2026-10-03,ine_transaction_eur_m2,838,,False
0714,Vila Viçosa,Évora,2026-10-03,listings_rent,0,0,False
0714,Vila Viçosa,Évora,2026-10-03,listings_sale,22,22,False
0714,Vila Viçosa,Évora,2026-10-03,median_asking_eur_m2_sale,,11,True
0714,Vila Viçosa,Évora,2026-10-03,median_asking_price_sale,,11,True
0714,Vila Viçosa,Évora,2026-10-03,median_days_on_market,,19,True
0714,Vila Viçosa,Évora,2026-10-03,median_rent_eur_m2,,0,True
0714,Vila Viçosa,Évora,2026-10-03,median_rent_month,,0,True
0714,Vila Viçosa,Évora,2026-10-03,price_reduced_share_pct,,19,True
0714,Vila Viçosa,Évora,2026-10-03,short_term_rental_registrations,39,,False
0801,Albufeira,Faro,2026-10-03,agencies,74,788,False
0801,Albufeira,Faro,2026-10-03,asking_vs_transaction_pct,14.9,416,False
0801,Albufeira,Faro,2026-10-03,gross_rental_yield_pct,,18,True
0801,Albufeira,Faro,2026-10-03,ine_transaction_eur_m2,3354,,False
0801,Albufeira,Faro,2026-10-03,listings_rent,21,21,False
0801,Albufeira,Faro,2026-10-03,listings_sale,767,767,False
0801,Albufeira,Faro,2026-10-03,median_asking_eur_m2_sale,3853,416,False
0801,Albufeira,Faro,2026-10-03,median_asking_price_sale,150000,552,False
0801,Albufeira,Faro,2026-10-03,median_days_on_market,538,702,False
0801,Albufeira,Faro,2026-10-03,median_rent_eur_m2,,18,True
0801,Albufeira,Faro,2026-10-03,median_rent_month,,18,True
0801,Albufeira,Faro,2026-10-03,price_reduced_share_pct,30.5,701,False
0801,Albufeira,Faro,2026-10-03,short_term_rental_registrations,10492,,False
0801,Albufeira,Faro,2026-10-03,top_agency_share_pct,33.9,788,False
0802,Alcoutim,Faro,2026-10-03,agencies,15,89,False
0802,Alcoutim,Faro,2026-10-03,asking_vs_transaction_pct,,25,True
0802,Alcoutim,Faro,2026-10-03,gross_rental_yield_pct,,0,True
0802,Alcoutim,Faro,2026-10-03,ine_transaction_eur_m2,917,,False
0802,Alcoutim,Faro,2026-10-03,listings_rent,0,0,False
0802,Alcoutim,Faro,2026-10-03,listings_sale,89,89,False
0802,Alcoutim,Faro,2026-10-03,median_asking_eur_m2_sale,,25,True
0802,Alcoutim,Faro,2026-10-03,median_asking_price_sale,,25,True
0802,Alcoutim,Faro,2026-10-03,median_days_on_market,200,72,False
0802,Alcoutim,Faro,2026-10-03,median_rent_eur_m2,,0,True
0802,Alcoutim,Faro,2026-10-03,median_rent_month,,0,True
0802,Alcoutim,Faro,2026-10-03,price_reduced_share_pct,30.6,72,False
0802,Alcoutim,Faro,2026-10-03,short_term_rental_registrations,52,,False
0802,Alcoutim,Faro,2026-10-03,top_agency_share_pct,20.2,89,False
0803,Aljezur,Faro,2026-10-03,agencies,26,55,False
0803,Aljezur,Faro,2026-10-03,asking_vs_transaction_pct,,25,True
0803,Aljezur,Faro,2026-10-03,gross_rental_yield_pct,,0,True
0803,Aljezur,Faro,2026-10-03,ine_transaction_eur_m2,3240,,False
0803,Aljezur,Faro,2026-10-03,listings_rent,0,0,False
0803,Aljezur,Faro,2026-10-03,listings_sale,55,55,False
0803,Aljezur,Faro,2026-10-03,median_asking_eur_m2_sale,,25,True
0803,Aljezur,Faro,2026-10-03,median_asking_price_sale,,25,True
0803,Aljezur,Faro,2026-10-03,median_days_on_market,247,47,False
0803,Aljezur,Faro,2026-10-03,median_rent_eur_m2,,0,True
0803,Aljezur,Faro,2026-10-03,median_rent_month,,0,True
0803,Aljezur,Faro,2026-10-03,price_reduced_share_pct,25.5,47,False
0803,Aljezur,Faro,2026-10-03,short_term_rental_registrations,1404,,False
0803,Aljezur,Faro,2026-10-03,top_agency_share_pct,20.0,55,False
0804,Castro Marim,Faro,2026-10-03,agencies,29,155,False
0804,Castro Marim,Faro,2026-10-03,asking_vs_transaction_pct,308.4,108,False
0804,Castro Marim,Faro,2026-10-03,gross_rental_yield_pct,,0,True
0804,Castro Marim,Faro,2026-10-03,ine_transaction_eur_m2,2542,,False
0804,Castro Marim,Faro,2026-10-03,listings_rent,0,0,False
0804,Castro Marim,Faro,2026-10-03,listings_sale,155,155,False
0804,Castro Marim,Faro,2026-10-03,median_asking_eur_m2_sale,10381,108,False
0804,Castro Marim,Faro,2026-10-03,median_asking_price_sale,945000,108,False
0804,Castro Marim,Faro,2026-10-03,median_days_on_market,57,117,False
0804,Castro Marim,Faro,2026-10-03,median_rent_eur_m2,,0,True
0804,Castro Marim,Faro,2026-10-03,median_rent_month,,0,True
0804,Castro Marim,Faro,2026-10-03,price_reduced_share_pct,14.5,117,False
0804,Castro Marim,Faro,2026-10-03,short_term_rental_registrations,496,,False
0804,Castro Marim,Faro,2026-10-03,top_agency_share_pct,32.9,155,False
0805,Faro,Faro,2026-10-03,agencies,33,297,False
0805,Faro,Faro,2026-10-03,asking_vs_transaction_pct,54.6,186,False
0805,Faro,Faro,2026-10-03,gross_rental_yield_pct,,17,True
0805,Faro,Faro,2026-10-03,ine_transaction_eur_m2,3125,,False
0805,Faro,Faro,2026-10-03,listings_rent,22,22,False
0805,Faro,Faro,2026-10-03,listings_sale,275,275,False
0805,Faro,Faro,2026-10-03,median_asking_eur_m2_sale,4830,186,False
0805,Faro,Faro,2026-10-03,median_asking_price_sale,600000,186,False
0805,Faro,Faro,2026-10-03,median_days_on_market,308,237,False
0805,Faro,Faro,2026-10-03,median_rent_eur_m2,,17,True
0805,Faro,Faro,2026-10-03,median_rent_month,,17,True
0805,Faro,Faro,2026-10-03,price_reduced_share_pct,19.8,237,False
0805,Faro,Faro,2026-10-03,short_term_rental_registrations,1303,,False
0805,Faro,Faro,2026-10-03,top_agency_share_pct,32.0,297,False
0806,Lagoa,Faro,2026-10-03,agencies,33,233,False
0806,Lagoa,Faro,2026-10-03,asking_vs_transaction_pct,61.0,151,False
0806,Lagoa,Faro,2026-10-03,gross_rental_yield_pct,,4,True
0806,Lagoa,Faro,2026-10-03,ine_transaction_eur_m2,3220,,False
0806,Lagoa,Faro,2026-10-03,listings_rent,5,5,False
0806,Lagoa,Faro,2026-10-03,listings_sale,228,228,False
0806,Lagoa,Faro,2026-10-03,median_asking_eur_m2_sale,5185,151,False
0806,Lagoa,Faro,2026-10-03,median_asking_price_sale,569500,152,False
0806,Lagoa,Faro,2026-10-03,median_days_on_market,174,157,False
0806,Lagoa,Faro,2026-10-03,median_rent_eur_m2,,4,True
0806,Lagoa,Faro,2026-10-03,median_rent_month,,4,True
0806,Lagoa,Faro,2026-10-03,price_reduced_share_pct,15.9,157,False
0806,Lagoa,Faro,2026-10-03,top_agency_share_pct,27.0,233,False
0807,Lagos,Faro,2026-10-03,agencies,36,283,False
0807,Lagos,Faro,2026-10-03,asking_vs_transaction_pct,57.7,194,False
0807,Lagos,Faro,2026-10-03,gross_rental_yield_pct,,4,True
0807,Lagos,Faro,2026-10-03,ine_transaction_eur_m2,3855,,False
0807,Lagos,Faro,2026-10-03,listings_rent,5,5,False
0807,Lagos,Faro,2026-10-03,listings_sale,278,278,False
0807,Lagos,Faro,2026-10-03,median_asking_eur_m2_sale,6078,194,False
0807,Lagos,Faro,2026-10-03,median_asking_price_sale,670000,195,False
0807,Lagos,Faro,2026-10-03,median_days_on_market,160,203,False
0807,Lagos,Faro,2026-10-03,median_rent_eur_m2,,4,True
0807,Lagos,Faro,2026-10-03,median_rent_month,,4,True
0807,Lagos,Faro,2026-10-03,price_reduced_share_pct,13.3,203,False
0807,Lagos,Faro,2026-10-03,short_term_rental_registrations,4774,,False
0807,Lagos,Faro,2026-10-03,top_agency_share_pct,31.1,283,False
0808,Loulé,Faro,2026-10-03,agencies,66,642,False
0808,Loulé,Faro,2026-10-03,asking_vs_transaction_pct,35.3,411,False
0808,Loulé,Faro,2026-10-03,gross_rental_yield_pct,,24,True
0808,Loulé,Faro,2026-10-03,ine_transaction_eur_m2,4091,,False
0808,Loulé,Faro,2026-10-03,listings_rent,27,27,False
0808,Loulé,Faro,2026-10-03,listings_sale,615,615,False
0808,Loulé,Faro,2026-10-03,median_asking_eur_m2_sale,5535,411,False
0808,Loulé,Faro,2026-10-03,median_asking_price_sale,650000,418,False
0808,Loulé,Faro,2026-10-03,median_days_on_market,182,534,False
0808,Loulé,Faro,2026-10-03,median_rent_eur_m2,,24,True
0808,Loulé,Faro,2026-10-03,median_rent_month,,24,True
0808,Loulé,Faro,2026-10-03,price_reduced_share_pct,25.2,532,False
0808,Loulé,Faro,2026-10-03,short_term_rental_registrations,7335,,False
0808,Loulé,Faro,2026-10-03,top_agency_share_pct,17.6,642,False
0809,Monchique,Faro,2026-10-03,agencies,12,55,False
0809,Monchique,Faro,2026-10-03,asking_vs_transaction_pct,,21,True
0809,Monchique,Faro,2026-10-03,gross_rental_yield_pct,,0,True
0809,Monchique,Faro,2026-10-03,ine_transaction_eur_m2,1637,,False
0809,Monchique,Faro,2026-10-03,listings_rent,0,0,False
0809,Monchique,Faro,2026-10-03,listings_sale,55,55,False
0809,Monchique,Faro,2026-10-03,median_asking_eur_m2_sale,,21,True
0809,Monchique,Faro,2026-10-03,median_asking_price_sale,,21,True
0809,Monchique,Faro,2026-10-03,median_days_on_market,364,30,False
0809,Monchique,Faro,2026-10-03,median_rent_eur_m2,,0,True
0809,Monchique,Faro,2026-10-03,median_rent_month,,0,True
0809,Monchique,Faro,2026-10-03,price_reduced_share_pct,30.0,30,False
0809,Monchique,Faro,2026-10-03,short_term_rental_registrations,108,,False
0809,Monchique,Faro,2026-10-03,top_agency_share_pct,41.8,55,False
0810,Olhão,Faro,2026-10-03,agencies,33,176,False
0810,Olhão,Faro,2026-10-03,asking_vs_transaction_pct,66.3,117,False
0810,Olhão,Faro,2026-10-03,gross_rental_yield_pct,,1,True
0810,Olhão,Faro,2026-10-03,ine_transaction_eur_m2,2725,,False
0810,Olhão,Faro,2026-10-03,listings_rent,2,2,False
0810,Olhão,Faro,2026-10-03,listings_sale,174,174,False
0810,Olhão,Faro,2026-10-03,median_asking_eur_m2_sale,4533,117,False
0810,Olhão,Faro,2026-10-03,median_asking_price_sale,605850,117,False
0810,Olhão,Faro,2026-10-03,median_days_on_market,328,142,False
0810,Olhão,Faro,2026-10-03,median_rent_eur_m2,,1,True
0810,Olhão,Faro,2026-10-03,median_rent_month,,1,True
0810,Olhão,Faro,2026-10-03,price_reduced_share_pct,21.1,142,False
0810,Olhão,Faro,2026-10-03,short_term_rental_registrations,1664,,False
0810,Olhão,Faro,2026-10-03,top_agency_share_pct,33.0,176,False
0811,Portimão,Faro,2026-10-03,agencies,56,695,False
0811,Portimão,Faro,2026-10-03,asking_vs_transaction_pct,43.3,530,False
0811,Portimão,Faro,2026-10-03,gross_rental_yield_pct,,25,True
0811,Portimão,Faro,2026-10-03,ine_transaction_eur_m2,3125,,False
0811,Portimão,Faro,2026-10-03,listings_rent,43,43,False
0811,Portimão,Faro,2026-10-03,listings_sale,652,652,False
0811,Portimão,Faro,2026-10-03,median_asking_eur_m2_sale,4477,530,False
0811,Portimão,Faro,2026-10-03,median_asking_price_sale,420000,532,False
0811,Portimão,Faro,2026-10-03,median_days_on_market,160,579,False
0811,Portimão,Faro,2026-10-03,median_rent_eur_m2,,25,True
0811,Portimão,Faro,2026-10-03,median_rent_month,,25,True
0811,Portimão,Faro,2026-10-03,price_reduced_share_pct,15.9,577,False
0811,Portimão,Faro,2026-10-03,short_term_rental_registrations,5693,,False
0811,Portimão,Faro,2026-10-03,top_agency_share_pct,56.0,695,False
0812,São Brás de Alportel,Faro,2026-10-03,agencies,16,42,False
0812,São Brás de Alportel,Faro,2026-10-03,asking_vs_transaction_pct,,21,True
0812,São Brás de Alportel,Faro,2026-10-03,gross_rental_yield_pct,,0,True
0812,São Brás de Alportel,Faro,2026-10-03,ine_transaction_eur_m2,2381,,False
0812,São Brás de Alportel,Faro,2026-10-03,listings_rent,0,0,False
0812,São Brás de Alportel,Faro,2026-10-03,listings_sale,42,42,False
0812,São Brás de Alportel,Faro,2026-10-03,median_asking_eur_m2_sale,,21,True
0812,São Brás de Alportel,Faro,2026-10-03,median_asking_price_sale,,21,True
0812,São Brás de Alportel,Faro,2026-10-03,median_days_on_market,214,32,False
0812,São Brás de Alportel,Faro,2026-10-03,median_rent_eur_m2,,0,True
0812,São Brás de Alportel,Faro,2026-10-03,median_rent_month,,0,True
0812,São Brás de Alportel,Faro,2026-10-03,price_reduced_share_pct,15.6,32,False
0812,São Brás de Alportel,Faro,2026-10-03,short_term_rental_registrations,176,,False
0812,São Brás de Alportel,Faro,2026-10-03,top_agency_share_pct,21.4,42,False
0813,Silves,Faro,2026-10-03,agencies,47,402,False
0813,Silves,Faro,2026-10-03,asking_vs_transaction_pct,53.1,184,False
0813,Silves,Faro,2026-10-03,gross_rental_yield_pct,,4,True
0813,Silves,Faro,2026-10-03,ine_transaction_eur_m2,2815,,False
0813,Silves,Faro,2026-10-03,listings_rent,5,5,False
0813,Silves,Faro,2026-10-03,listings_sale,397,397,False
0813,Silves,Faro,2026-10-03,median_asking_eur_m2_sale,4310,184,False
0813,Silves,Faro,2026-10-03,median_asking_price_sale,459500,184,False
0813,Silves,Faro,2026-10-03,median_days_on_market,242,272,False
0813,Silves,Faro,2026-10-03,median_rent_eur_m2,,4,True
0813,Silves,Faro,2026-10-03,median_rent_month,,4,True
0813,Silves,Faro,2026-10-03,price_reduced_share_pct,26.9,271,False
0813,Silves,Faro,2026-10-03,short_term_rental_registrations,2745,,False
0813,Silves,Faro,2026-10-03,top_agency_share_pct,28.1,402,False
0814,Tavira,Faro,2026-10-03,agencies,30,181,False
0814,Tavira,Faro,2026-10-03,asking_vs_transaction_pct,47.6,133,False
0814,Tavira,Faro,2026-10-03,gross_rental_yield_pct,,5,True
0814,Tavira,Faro,2026-10-03,ine_transaction_eur_m2,3152,,False
0814,Tavira,Faro,2026-10-03,listings_rent,6,6,False
0814,Tavira,Faro,2026-10-03,listings_sale,175,175,False
0814,Tavira,Faro,2026-10-03,median_asking_eur_m2_sale,4653,133,False
0814,Tavira,Faro,2026-10-03,median_asking_price_sale,455000,134,False
0814,Tavira,Faro,2026-10-03,median_days_on_market,160,147,False
0814,Tavira,Faro,2026-10-03,median_rent_eur_m2,,5,True
0814,Tavira,Faro,2026-10-03,median_rent_month,,5,True
0814,Tavira,Faro,2026-10-03,price_reduced_share_pct,21.1,147,False
0814,Tavira,Faro,2026-10-03,short_term_rental_registrations,2997,,False
0814,Tavira,Faro,2026-10-03,top_agency_share_pct,32.0,181,False
0815,Vila do Bispo,Faro,2026-10-03,agencies,14,105,False
0815,Vila do Bispo,Faro,2026-10-03,asking_vs_transaction_pct,27.9,40,False
0815,Vila do Bispo,Faro,2026-10-03,gross_rental_yield_pct,,1,True
0815,Vila do Bispo,Faro,2026-10-03,ine_transaction_eur_m2,3236,,False
0815,Vila do Bispo,Faro,2026-10-03,listings_rent,1,1,False
0815,Vila do Bispo,Faro,2026-10-03,listings_sale,104,104,False
0815,Vila do Bispo,Faro,2026-10-03,median_asking_eur_m2_sale,4138,40,False
0815,Vila do Bispo,Faro,2026-10-03,median_asking_price_sale,630000,40,False
0815,Vila do Bispo,Faro,2026-10-03,median_days_on_market,601,56,False
0815,Vila do Bispo,Faro,2026-10-03,median_rent_eur_m2,,1,True
0815,Vila do Bispo,Faro,2026-10-03,median_rent_month,,1,True
0815,Vila do Bispo,Faro,2026-10-03,price_reduced_share_pct,41.1,56,False
0815,Vila do Bispo,Faro,2026-10-03,short_term_rental_registrations,1181,,False
0815,Vila do Bispo,Faro,2026-10-03,top_agency_share_pct,44.8,105,False
0816,Vila Real de Santo António,Faro,2026-10-03,agencies,30,76,False
0816,Vila Real de Santo António,Faro,2026-10-03,asking_vs_transaction_pct,41.6,51,False
0816,Vila Real de Santo António,Faro,2026-10-03,gross_rental_yield_pct,,4,True
0816,Vila Real de Santo António,Faro,2026-10-03,ine_transaction_eur_m2,3001,,False
0816,Vila Real de Santo António,Faro,2026-10-03,listings_rent,4,4,False
0816,Vila Real de Santo António,Faro,2026-10-03,listings_sale,72,72,False
0816,Vila Real de Santo António,Faro,2026-10-03,median_asking_eur_m2_sale,4250,51,False
0816,Vila Real de Santo António,Faro,2026-10-03,median_asking_price_sale,339500,51,False
0816,Vila Real de Santo António,Faro,2026-10-03,median_days_on_market,81,49,False
0816,Vila Real de Santo António,Faro,2026-10-03,median_rent_eur_m2,,4,True
0816,Vila Real de Santo António,Faro,2026-10-03,median_rent_month,,4,True
0816,Vila Real de Santo António,Faro,2026-10-03,price_reduced_share_pct,28.6,49,False
0816,Vila Real de Santo António,Faro,2026-10-03,short_term_rental_registrations,1261,,False
0816,Vila Real de Santo António,Faro,2026-10-03,top_agency_share_pct,30.3,76,False
0901,Aguiar da Beira,Guarda,2026-10-03,agencies,3,20,False
0901,Aguiar da Beira,Guarda,2026-10-03,asking_vs_transaction_pct,,8,True
0901,Aguiar da Beira,Guarda,2026-10-03,gross_rental_yield_pct,,0,True
0901,Aguiar da Beira,Guarda,2026-10-03,ine_transaction_eur_m2,474,,False
0901,Aguiar da Beira,Guarda,2026-10-03,listings_rent,0,0,False
0901,Aguiar da Beira,Guarda,2026-10-03,listings_sale,20,20,False
0901,Aguiar da Beira,Guarda,2026-10-03,median_asking_eur_m2_sale,,8,True
0901,Aguiar da Beira,Guarda,2026-10-03,median_asking_price_sale,,8,True
0901,Aguiar da Beira,Guarda,2026-10-03,median_days_on_market,,19,True
0901,Aguiar da Beira,Guarda,2026-10-03,median_rent_eur_m2,,0,True
0901,Aguiar da Beira,Guarda,2026-10-03,median_rent_month,,0,True
0901,Aguiar da Beira,Guarda,2026-10-03,price_reduced_share_pct,,19,True
0901,Aguiar da Beira,Guarda,2026-10-03,short_term_rental_registrations,17,,False
0902,Almeida,Guarda,2026-10-03,agencies,10,22,False
0902,Almeida,Guarda,2026-10-03,asking_vs_transaction_pct,,8,True
0902,Almeida,Guarda,2026-10-03,gross_rental_yield_pct,,0,True
0902,Almeida,Guarda,2026-10-03,ine_transaction_eur_m2,342,,False
0902,Almeida,Guarda,2026-10-03,listings_rent,1,1,False
0902,Almeida,Guarda,2026-10-03,listings_sale,21,21,False
0902,Almeida,Guarda,2026-10-03,median_asking_eur_m2_sale,,8,True
0902,Almeida,Guarda,2026-10-03,median_asking_price_sale,,9,True
0902,Almeida,Guarda,2026-10-03,median_days_on_market,,20,True
0902,Almeida,Guarda,2026-10-03,median_rent_eur_m2,,0,True
0902,Almeida,Guarda,2026-10-03,median_rent_month,,0,True
0902,Almeida,Guarda,2026-10-03,price_reduced_share_pct,,20,True
0902,Almeida,Guarda,2026-10-03,short_term_rental_registrations,35,,False
0903,Celorico da Beira,Guarda,2026-10-03,agencies,9,52,False
0903,Celorico da Beira,Guarda,2026-10-03,asking_vs_transaction_pct,,19,True
0903,Celorico da Beira,Guarda,2026-10-03,gross_rental_yield_pct,,0,True
0903,Celorico da Beira,Guarda,2026-10-03,ine_transaction_eur_m2,497,,False
0903,Celorico da Beira,Guarda,2026-10-03,listings_rent,0,0,False
0903,Celorico da Beira,Guarda,2026-10-03,listings_sale,52,52,False
0903,Celorico da Beira,Guarda,2026-10-03,median_asking_eur_m2_sale,,19,True
0903,Celorico da Beira,Guarda,2026-10-03,median_asking_price_sale,,20,True
0903,Celorico da Beira,Guarda,2026-10-03,median_days_on_market,422,52,False
0903,Celorico da Beira,Guarda,2026-10-03,median_rent_eur_m2,,0,True
0903,Celorico da Beira,Guarda,2026-10-03,median_rent_month,,0,True
0903,Celorico da Beira,Guarda,2026-10-03,price_reduced_share_pct,28.8,52,False
0903,Celorico da Beira,Guarda,2026-10-03,short_term_rental_registrations,33,,False
0903,Celorico da Beira,Guarda,2026-10-03,top_agency_share_pct,75.0,52,False
0904,Figueira de Castelo Rodrigo,Guarda,2026-10-03,agencies,9,32,False
0904,Figueira de Castelo Rodrigo,Guarda,2026-10-03,asking_vs_transaction_pct,,24,True
0904,Figueira de Castelo Rodrigo,Guarda,2026-10-03,gross_rental_yield_pct,,0,True
0904,Figueira de Castelo Rodrigo,Guarda,2026-10-03,ine_transaction_eur_m2,332,,False
0904,Figueira de Castelo Rodrigo,Guarda,2026-10-03,listings_rent,0,0,False
0904,Figueira de Castelo Rodrigo,Guarda,2026-10-03,listings_sale,32,32,False
0904,Figueira de Castelo Rodrigo,Guarda,2026-10-03,median_asking_eur_m2_sale,,24,True
0904,Figueira de Castelo Rodrigo,Guarda,2026-10-03,median_asking_price_sale,,24,True
0904,Figueira de Castelo Rodrigo,Guarda,2026-10-03,median_days_on_market,220,31,False
0904,Figueira de Castelo Rodrigo,Guarda,2026-10-03,median_rent_eur_m2,,0,True
0904,Figueira de Castelo Rodrigo,Guarda,2026-10-03,median_rent_month,,0,True
0904,Figueira de Castelo Rodrigo,Guarda,2026-10-03,price_reduced_share_pct,16.1,31,False
0904,Figueira de Castelo Rodrigo,Guarda,2026-10-03,short_term_rental_registrations,30,,False
0904,Figueira de Castelo Rodrigo,Guarda,2026-10-03,top_agency_share_pct,65.6,32,False
0905,Fornos de Algodres,Guarda,2026-10-03,agencies,6,42,False
0905,Fornos de Algodres,Guarda,2026-10-03,asking_vs_transaction_pct,,18,True
0905,Fornos de Algodres,Guarda,2026-10-03,gross_rental_yield_pct,,0,True
0905,Fornos de Algodres,Guarda,2026-10-03,ine_transaction_eur_m2,502,,False
0905,Fornos de Algodres,Guarda,2026-10-03,listings_rent,1,1,False
0905,Fornos de Algodres,Guarda,2026-10-03,listings_sale,41,41,False
0905,Fornos de Algodres,Guarda,2026-10-03,median_asking_eur_m2_sale,,18,True
0905,Fornos de Algodres,Guarda,2026-10-03,median_asking_price_sale,,18,True
0905,Fornos de Algodres,Guarda,2026-10-03,median_days_on_market,198,42,False
0905,Fornos de Algodres,Guarda,2026-10-03,median_rent_eur_m2,,0,True
0905,Fornos de Algodres,Guarda,2026-10-03,median_rent_month,,0,True
0905,Fornos de Algodres,Guarda,2026-10-03,price_reduced_share_pct,23.8,42,False
0905,Fornos de Algodres,Guarda,2026-10-03,short_term_rental_registrations,37,,False
0905,Fornos de Algodres,Guarda,2026-10-03,top_agency_share_pct,47.6,42,False
0906,Gouveia,Guarda,2026-10-03,agencies,17,73,False
0906,Gouveia,Guarda,2026-10-03,asking_vs_transaction_pct,38.5,39,False
0906,Gouveia,Guarda,2026-10-03,gross_rental_yield_pct,,0,True
0906,Gouveia,Guarda,2026-10-03,ine_transaction_eur_m2,525,,False
0906,Gouveia,Guarda,2026-10-03,listings_rent,1,1,False
0906,Gouveia,Guarda,2026-10-03,listings_sale,72,72,False
0906,Gouveia,Guarda,2026-10-03,median_asking_eur_m2_sale,727,39,False
0906,Gouveia,Guarda,2026-10-03,median_asking_price_sale,80000,41,False
0906,Gouveia,Guarda,2026-10-03,median_days_on_market,362,70,False
0906,Gouveia,Guarda,2026-10-03,median_rent_eur_m2,,0,True
0906,Gouveia,Guarda,2026-10-03,median_rent_month,,0,True
0906,Gouveia,Guarda,2026-10-03,price_reduced_share_pct,31.9,69,False
0906,Gouveia,Guarda,2026-10-03,short_term_rental_registrations,101,,False
0906,Gouveia,Guarda,2026-10-03,top_agency_share_pct,34.2,73,False
0907,Guarda,Guarda,2026-10-03,agencies,19,107,False
0907,Guarda,Guarda,2026-10-03,asking_vs_transaction_pct,-10.6,38,False
0907,Guarda,Guarda,2026-10-03,gross_rental_yield_pct,,0,True
0907,Guarda,Guarda,2026-10-03,ine_transaction_eur_m2,955,,False
0907,Guarda,Guarda,2026-10-03,listings_rent,1,1,False
0907,Guarda,Guarda,2026-10-03,listings_sale,106,106,False
0907,Guarda,Guarda,2026-10-03,median_asking_eur_m2_sale,854,38,False
0907,Guarda,Guarda,2026-10-03,median_asking_price_sale,69900,39,False
0907,Guarda,Guarda,2026-10-03,median_days_on_market,234,92,False
0907,Guarda,Guarda,2026-10-03,median_rent_eur_m2,,0,True
0907,Guarda,Guarda,2026-10-03,median_rent_month,,0,True
0907,Guarda,Guarda,2026-10-03,price_reduced_share_pct,15.2,92,False
0907,Guarda,Guarda,2026-10-03,short_term_rental_registrations,109,,False
0907,Guarda,Guarda,2026-10-03,top_agency_share_pct,63.6,107,False
0908,Manteigas,Guarda,2026-10-03,agencies,8,31,False
0908,Manteigas,Guarda,2026-10-03,asking_vs_transaction_pct,,16,True
0908,Manteigas,Guarda,2026-10-03,gross_rental_yield_pct,,0,True
0908,Manteigas,Guarda,2026-10-03,ine_transaction_eur_m2,424,,False
0908,Manteigas,Guarda,2026-10-03,listings_rent,0,0,False
0908,Manteigas,Guarda,2026-10-03,listings_sale,31,31,False
0908,Manteigas,Guarda,2026-10-03,median_asking_eur_m2_sale,,16,True
0908,Manteigas,Guarda,2026-10-03,median_asking_price_sale,,16,True
0908,Manteigas,Guarda,2026-10-03,median_days_on_market,,28,True
0908,Manteigas,Guarda,2026-10-03,median_rent_eur_m2,,0,True
0908,Manteigas,Guarda,2026-10-03,median_rent_month,,0,True
0908,Manteigas,Guarda,2026-10-03,price_reduced_share_pct,,28,True
0908,Manteigas,Guarda,2026-10-03,short_term_rental_registrations,69,,False
0908,Manteigas,Guarda,2026-10-03,top_agency_share_pct,71.0,31,False
0909,Mêda,Guarda,2026-10-03,agencies,7,26,False
0909,Mêda,Guarda,2026-10-03,asking_vs_transaction_pct,,14,True
0909,Mêda,Guarda,2026-10-03,gross_rental_yield_pct,,0,True
0909,Mêda,Guarda,2026-10-03,ine_transaction_eur_m2,411,,False
0909,Mêda,Guarda,2026-10-03,listings_rent,0,0,False
0909,Mêda,Guarda,2026-10-03,listings_sale,26,26,False
0909,Mêda,Guarda,2026-10-03,median_asking_eur_m2_sale,,14,True
0909,Mêda,Guarda,2026-10-03,median_asking_price_sale,,14,True
0909,Mêda,Guarda,2026-10-03,median_days_on_market,,23,True
0909,Mêda,Guarda,2026-10-03,median_rent_eur_m2,,0,True
0909,Mêda,Guarda,2026-10-03,median_rent_month,,0,True
0909,Mêda,Guarda,2026-10-03,price_reduced_share_pct,,23,True
0909,Mêda,Guarda,2026-10-03,short_term_rental_registrations,23,,False
0910,Pinhel,Guarda,2026-10-03,agencies,6,30,False
0910,Pinhel,Guarda,2026-10-03,asking_vs_transaction_pct,,18,True
0910,Pinhel,Guarda,2026-10-03,gross_rental_yield_pct,,0,True
0910,Pinhel,Guarda,2026-10-03,ine_transaction_eur_m2,429,,False
0910,Pinhel,Guarda,2026-10-03,listings_rent,0,0,False
0910,Pinhel,Guarda,2026-10-03,listings_sale,30,30,False
0910,Pinhel,Guarda,2026-10-03,median_asking_eur_m2_sale,,18,True
0910,Pinhel,Guarda,2026-10-03,median_asking_price_sale,,19,True
0910,Pinhel,Guarda,2026-10-03,median_days_on_market,,29,True
0910,Pinhel,Guarda,2026-10-03,median_rent_eur_m2,,0,True
0910,Pinhel,Guarda,2026-10-03,median_rent_month,,0,True
0910,Pinhel,Guarda,2026-10-03,price_reduced_share_pct,,29,True
0910,Pinhel,Guarda,2026-10-03,short_term_rental_registrations,25,,False
0910,Pinhel,Guarda,2026-10-03,top_agency_share_pct,83.3,30,False
0911,Sabugal,Guarda,2026-10-03,agencies,12,51,False
0911,Sabugal,Guarda,2026-10-03,asking_vs_transaction_pct,89.5,30,False
0911,Sabugal,Guarda,2026-10-03,gross_rental_yield_pct,,0,True
0911,Sabugal,Guarda,2026-10-03,ine_transaction_eur_m2,427,,False
0911,Sabugal,Guarda,2026-10-03,listings_rent,0,0,False
0911,Sabugal,Guarda,2026-10-03,listings_sale,51,51,False
0911,Sabugal,Guarda,2026-10-03,median_asking_eur_m2_sale,809,30,False
0911,Sabugal,Guarda,2026-10-03,median_asking_price_sale,96500,30,False
0911,Sabugal,Guarda,2026-10-03,median_days_on_market,206,46,False
0911,Sabugal,Guarda,2026-10-03,median_rent_eur_m2,,0,True
0911,Sabugal,Guarda,2026-10-03,median_rent_month,,0,True
0911,Sabugal,Guarda,2026-10-03,price_reduced_share_pct,19.6,46,False
0911,Sabugal,Guarda,2026-10-03,short_term_rental_registrations,73,,False
0911,Sabugal,Guarda,2026-10-03,top_agency_share_pct,29.4,51,False
0912,Seia,Guarda,2026-10-03,agencies,19,175,False
0912,Seia,Guarda,2026-10-03,asking_vs_transaction_pct,42.4,68,False
0912,Seia,Guarda,2026-10-03,gross_rental_yield_pct,,3,True
0912,Seia,Guarda,2026-10-03,ine_transaction_eur_m2,708,,False
0912,Seia,Guarda,2026-10-03,listings_rent,7,7,False
0912,Seia,Guarda,2026-10-03,listings_sale,168,168,False
0912,Seia,Guarda,2026-10-03,median_asking_eur_m2_sale,1008,68,False
0912,Seia,Guarda,2026-10-03,median_asking_price_sale,130000,69,False
0912,Seia,Guarda,2026-10-03,median_days_on_market,210,169,False
0912,Seia,Guarda,2026-10-03,median_rent_eur_m2,,3,True
0912,Seia,Guarda,2026-10-03,median_rent_month,,3,True
0912,Seia,Guarda,2026-10-03,price_reduced_share_pct,20.1,169,False
0912,Seia,Guarda,2026-10-03,short_term_rental_registrations,310,,False
0912,Seia,Guarda,2026-10-03,top_agency_share_pct,49.7,175,False
0913,Trancoso,Guarda,2026-10-03,agencies,11,31,False
0913,Trancoso,Guarda,2026-10-03,asking_vs_transaction_pct,,16,True
0913,Trancoso,Guarda,2026-10-03,gross_rental_yield_pct,,0,True
0913,Trancoso,Guarda,2026-10-03,ine_transaction_eur_m2,492,,False
0913,Trancoso,Guarda,2026-10-03,listings_rent,0,0,False
0913,Trancoso,Guarda,2026-10-03,listings_sale,31,31,False
0913,Trancoso,Guarda,2026-10-03,median_asking_eur_m2_sale,,16,True
0913,Trancoso,Guarda,2026-10-03,median_asking_price_sale,,16,True
0913,Trancoso,Guarda,2026-10-03,median_days_on_market,363,30,False
0913,Trancoso,Guarda,2026-10-03,median_rent_eur_m2,,0,True
0913,Trancoso,Guarda,2026-10-03,median_rent_month,,0,True
0913,Trancoso,Guarda,2026-10-03,price_reduced_share_pct,30.0,30,False
0913,Trancoso,Guarda,2026-10-03,short_term_rental_registrations,48,,False
0913,Trancoso,Guarda,2026-10-03,top_agency_share_pct,48.4,31,False
0914,Vila Nova de Foz Côa,Guarda,2026-10-03,agencies,14,37,False
0914,Vila Nova de Foz Côa,Guarda,2026-10-03,asking_vs_transaction_pct,,13,True
0914,Vila Nova de Foz Côa,Guarda,2026-10-03,gross_rental_yield_pct,,0,True
0914,Vila Nova de Foz Côa,Guarda,2026-10-03,ine_transaction_eur_m2,423,,False
0914,Vila Nova de Foz Côa,Guarda,2026-10-03,listings_rent,0,0,False
0914,Vila Nova de Foz Côa,Guarda,2026-10-03,listings_sale,37,37,False
0914,Vila Nova de Foz Côa,Guarda,2026-10-03,median_asking_eur_m2_sale,,13,True
0914,Vila Nova de Foz Côa,Guarda,2026-10-03,median_asking_price_sale,,13,True
0914,Vila Nova de Foz Côa,Guarda,2026-10-03,median_days_on_market,166,31,False
0914,Vila Nova de Foz Côa,Guarda,2026-10-03,median_rent_eur_m2,,0,True
0914,Vila Nova de Foz Côa,Guarda,2026-10-03,median_rent_month,,0,True
0914,Vila Nova de Foz Côa,Guarda,2026-10-03,price_reduced_share_pct,35.5,31,False
0914,Vila Nova de Foz Côa,Guarda,2026-10-03,short_term_rental_registrations,51,,False
0914,Vila Nova de Foz Côa,Guarda,2026-10-03,top_agency_share_pct,24.3,37,False
1001,Alcobaça,Leiria,2026-10-03,agencies,49,356,False
1001,Alcobaça,Leiria,2026-10-03,asking_vs_transaction_pct,41.4,195,False
1001,Alcobaça,Leiria,2026-10-03,gross_rental_yield_pct,,7,True
1001,Alcobaça,Leiria,2026-10-03,ine_transaction_eur_m2,1808,,False
1001,Alcobaça,Leiria,2026-10-03,listings_rent,11,11,False
1001,Alcobaça,Leiria,2026-10-03,listings_sale,345,345,False
1001,Alcobaça,Leiria,2026-10-03,median_asking_eur_m2_sale,2557,195,False
1001,Alcobaça,Leiria,2026-10-03,median_asking_price_sale,379000,195,False
1001,Alcobaça,Leiria,2026-10-03,median_days_on_market,197,337,False
1001,Alcobaça,Leiria,2026-10-03,median_rent_eur_m2,,7,True
1001,Alcobaça,Leiria,2026-10-03,median_rent_month,,7,True
1001,Alcobaça,Leiria,2026-10-03,price_reduced_share_pct,22.0,337,False
1001,Alcobaça,Leiria,2026-10-03,short_term_rental_registrations,1007,,False
1001,Alcobaça,Leiria,2026-10-03,top_agency_share_pct,25.3,356,False
1002,Alvaiázere,Leiria,2026-10-03,agencies,13,121,False
1002,Alvaiázere,Leiria,2026-10-03,asking_vs_transaction_pct,11.5,38,False
1002,Alvaiázere,Leiria,2026-10-03,gross_rental_yield_pct,,1,True
1002,Alvaiázere,Leiria,2026-10-03,ine_transaction_eur_m2,651,,False
1002,Alvaiázere,Leiria,2026-10-03,listings_rent,4,4,False
1002,Alvaiázere,Leiria,2026-10-03,listings_sale,117,117,False
1002,Alvaiázere,Leiria,2026-10-03,median_asking_eur_m2_sale,726,38,False
1002,Alvaiázere,Leiria,2026-10-03,median_asking_price_sale,75000,38,False
1002,Alvaiázere,Leiria,2026-10-03,median_days_on_market,493,121,False
1002,Alvaiázere,Leiria,2026-10-03,median_rent_eur_m2,,1,True
1002,Alvaiázere,Leiria,2026-10-03,median_rent_month,,1,True
1002,Alvaiázere,Leiria,2026-10-03,price_reduced_share_pct,21.5,121,False
1002,Alvaiázere,Leiria,2026-10-03,short_term_rental_registrations,62,,False
1002,Alvaiázere,Leiria,2026-10-03,top_agency_share_pct,32.2,121,False
1003,Ansião,Leiria,2026-10-03,agencies,20,137,False
1003,Ansião,Leiria,2026-10-03,asking_vs_transaction_pct,-4.8,60,False
1003,Ansião,Leiria,2026-10-03,gross_rental_yield_pct,,1,True
1003,Ansião,Leiria,2026-10-03,ine_transaction_eur_m2,727,,False
1003,Ansião,Leiria,2026-10-03,listings_rent,4,4,False
1003,Ansião,Leiria,2026-10-03,listings_sale,133,133,False
1003,Ansião,Leiria,2026-10-03,median_asking_eur_m2_sale,692,60,False
1003,Ansião,Leiria,2026-10-03,median_asking_price_sale,70000,60,False
1003,Ansião,Leiria,2026-10-03,median_days_on_market,437,124,False
1003,Ansião,Leiria,2026-10-03,median_rent_eur_m2,,1,True
1003,Ansião,Leiria,2026-10-03,median_rent_month,,1,True
1003,Ansião,Leiria,2026-10-03,price_reduced_share_pct,21.8,124,False
1003,Ansião,Leiria,2026-10-03,short_term_rental_registrations,91,,False
1003,Ansião,Leiria,2026-10-03,top_agency_share_pct,59.1,137,False
1004,Batalha,Leiria,2026-10-03,agencies,10,52,False
1004,Batalha,Leiria,2026-10-03,asking_vs_transaction_pct,,21,True
1004,Batalha,Leiria,2026-10-03,gross_rental_yield_pct,,1,True
1004,Batalha,Leiria,2026-10-03,ine_transaction_eur_m2,1387,,False
1004,Batalha,Leiria,2026-10-03,listings_rent,5,5,False
1004,Batalha,Leiria,2026-10-03,listings_sale,47,47,False
1004,Batalha,Leiria,2026-10-03,median_asking_eur_m2_sale,,21,True
1004,Batalha,Leiria,2026-10-03,median_asking_price_sale,,21,True
1004,Batalha,Leiria,2026-10-03,median_days_on_market,148,50,False
1004,Batalha,Leiria,2026-10-03,median_rent_eur_m2,,1,True
1004,Batalha,Leiria,2026-10-03,median_rent_month,,1,True
1004,Batalha,Leiria,2026-10-03,price_reduced_share_pct,24.0,50,False
1004,Batalha,Leiria,2026-10-03,short_term_rental_registrations,69,,False
1004,Batalha,Leiria,2026-10-03,top_agency_share_pct,50.0,52,False
1005,Bombarral,Leiria,2026-10-03,agencies,22,48,False
1005,Bombarral,Leiria,2026-10-03,asking_vs_transaction_pct,,22,True
1005,Bombarral,Leiria,2026-10-03,gross_rental_yield_pct,,1,True
1005,Bombarral,Leiria,2026-10-03,ine_transaction_eur_m2,1582,,False
1005,Bombarral,Leiria,2026-10-03,listings_rent,1,1,False
1005,Bombarral,Leiria,2026-10-03,listings_sale,47,47,False
1005,Bombarral,Leiria,2026-10-03,median_asking_eur_m2_sale,,22,True
1005,Bombarral,Leiria,2026-10-03,median_asking_price_sale,,22,True
1005,Bombarral,Leiria,2026-10-03,median_days_on_market,175,43,False
1005,Bombarral,Leiria,2026-10-03,median_rent_eur_m2,,1,True
1005,Bombarral,Leiria,2026-10-03,median_rent_month,,1,True
1005,Bombarral,Leiria,2026-10-03,price_reduced_share_pct,37.2,43,False
1005,Bombarral,Leiria,2026-10-03,short_term_rental_registrations,85,,False
1005,Bombarral,Leiria,2026-10-03,top_agency_share_pct,18.8,48,False
1006,Caldas da Rainha,Leiria,2026-10-03,agencies,33,137,False
1006,Caldas da Rainha,Leiria,2026-10-03,asking_vs_transaction_pct,32.1,79,False
1006,Caldas da Rainha,Leiria,2026-10-03,gross_rental_yield_pct,,10,True
1006,Caldas da Rainha,Leiria,2026-10-03,ine_transaction_eur_m2,2092,,False
1006,Caldas da Rainha,Leiria,2026-10-03,listings_rent,11,11,False
1006,Caldas da Rainha,Leiria,2026-10-03,listings_sale,126,126,False
1006,Caldas da Rainha,Leiria,2026-10-03,median_asking_eur_m2_sale,2763,79,False
1006,Caldas da Rainha,Leiria,2026-10-03,median_asking_price_sale,420000,79,False
1006,Caldas da Rainha,Leiria,2026-10-03,median_days_on_market,90,94,False
1006,Caldas da Rainha,Leiria,2026-10-03,median_rent_eur_m2,,10,True
1006,Caldas da Rainha,Leiria,2026-10-03,median_rent_month,,10,True
1006,Caldas da Rainha,Leiria,2026-10-03,price_reduced_share_pct,23.4,94,False
1006,Caldas da Rainha,Leiria,2026-10-03,short_term_rental_registrations,687,,False
1006,Caldas da Rainha,Leiria,2026-10-03,top_agency_share_pct,11.7,137,False
1007,Castanheira de Pêra,Leiria,2026-10-03,agencies,6,25,False
1007,Castanheira de Pêra,Leiria,2026-10-03,asking_vs_transaction_pct,,17,True
1007,Castanheira de Pêra,Leiria,2026-10-03,gross_rental_yield_pct,,0,True
1007,Castanheira de Pêra,Leiria,2026-10-03,ine_transaction_eur_m2,609,,False
1007,Castanheira de Pêra,Leiria,2026-10-03,listings_rent,0,0,False
1007,Castanheira de Pêra,Leiria,2026-10-03,listings_sale,25,25,False
1007,Castanheira de Pêra,Leiria,2026-10-03,median_asking_eur_m2_sale,,17,True
1007,Castanheira de Pêra,Leiria,2026-10-03,median_asking_price_sale,,18,True
1007,Castanheira de Pêra,Leiria,2026-10-03,median_days_on_market,,24,True
1007,Castanheira de Pêra,Leiria,2026-10-03,median_rent_eur_m2,,0,True
1007,Castanheira de Pêra,Leiria,2026-10-03,median_rent_month,,0,True
1007,Castanheira de Pêra,Leiria,2026-10-03,price_reduced_share_pct,,24,True
1007,Castanheira de Pêra,Leiria,2026-10-03,short_term_rental_registrations,54,,False
1008,Figueiró dos Vinhos,Leiria,2026-10-03,agencies,16,46,False
1008,Figueiró dos Vinhos,Leiria,2026-10-03,asking_vs_transaction_pct,65.2,30,False
1008,Figueiró dos Vinhos,Leiria,2026-10-03,gross_rental_yield_pct,,0,True
1008,Figueiró dos Vinhos,Leiria,2026-10-03,ine_transaction_eur_m2,555,,False
1008,Figueiró dos Vinhos,Leiria,2026-10-03,listings_rent,0,0,False
1008,Figueiró dos Vinhos,Leiria,2026-10-03,listings_sale,46,46,False
1008,Figueiró dos Vinhos,Leiria,2026-10-03,median_asking_eur_m2_sale,917,30,False
1008,Figueiró dos Vinhos,Leiria,2026-10-03,median_asking_price_sale,70000,31,False
1008,Figueiró dos Vinhos,Leiria,2026-10-03,median_days_on_market,210,40,False
1008,Figueiró dos Vinhos,Leiria,2026-10-03,median_rent_eur_m2,,0,True
1008,Figueiró dos Vinhos,Leiria,2026-10-03,median_rent_month,,0,True
1008,Figueiró dos Vinhos,Leiria,2026-10-03,price_reduced_share_pct,15.0,40,False
1008,Figueiró dos Vinhos,Leiria,2026-10-03,short_term_rental_registrations,52,,False
1008,Figueiró dos Vinhos,Leiria,2026-10-03,top_agency_share_pct,47.8,46,False
1009,Leiria,Leiria,2026-10-03,agencies,36,490,False
1009,Leiria,Leiria,2026-10-03,asking_vs_transaction_pct,50.8,249,False
1009,Leiria,Leiria,2026-10-03,gross_rental_yield_pct,,14,True
1009,Leiria,Leiria,2026-10-03,ine_transaction_eur_m2,1922,,False
1009,Leiria,Leiria,2026-10-03,listings_rent,28,28,False
1009,Leiria,Leiria,2026-10-03,listings_sale,462,462,False
1009,Leiria,Leiria,2026-10-03,median_asking_eur_m2_sale,2899,249,False
1009,Leiria,Leiria,2026-10-03,median_asking_price_sale,350000,249,False
1009,Leiria,Leiria,2026-10-03,median_days_on_market,190,462,False
1009,Leiria,Leiria,2026-10-03,median_rent_eur_m2,,14,True
1009,Leiria,Leiria,2026-10-03,median_rent_month,,14,True
1009,Leiria,Leiria,2026-10-03,price_reduced_share_pct,17.1,438,False
1009,Leiria,Leiria,2026-10-03,short_term_rental_registrations,252,,False
1009,Leiria,Leiria,2026-10-03,top_agency_share_pct,34.9,490,False
1010,Marinha Grande,Leiria,2026-10-03,agencies,26,148,False
1010,Marinha Grande,Leiria,2026-10-03,asking_vs_transaction_pct,43.6,65,False
1010,Marinha Grande,Leiria,2026-10-03,gross_rental_yield_pct,,2,True
1010,Marinha Grande,Leiria,2026-10-03,ine_transaction_eur_m2,1462,,False
1010,Marinha Grande,Leiria,2026-10-03,listings_rent,4,4,False
1010,Marinha Grande,Leiria,2026-10-03,listings_sale,144,144,False
1010,Marinha Grande,Leiria,2026-10-03,median_asking_eur_m2_sale,2100,65,False
1010,Marinha Grande,Leiria,2026-10-03,median_asking_price_sale,269900,65,False
1010,Marinha Grande,Leiria,2026-10-03,median_days_on_market,215,132,False
1010,Marinha Grande,Leiria,2026-10-03,median_rent_eur_m2,,2,True
1010,Marinha Grande,Leiria,2026-10-03,median_rent_month,,2,True
1010,Marinha Grande,Leiria,2026-10-03,price_reduced_share_pct,17.4,132,False
1010,Marinha Grande,Leiria,2026-10-03,short_term_rental_registrations,172,,False
1010,Marinha Grande,Leiria,2026-10-03,top_agency_share_pct,42.6,148,False
1011,Nazaré,Leiria,2026-10-03,agencies,26,144,False
1011,Nazaré,Leiria,2026-10-03,asking_vs_transaction_pct,40.1,77,False
1011,Nazaré,Leiria,2026-10-03,gross_rental_yield_pct,,11,True
1011,Nazaré,Leiria,2026-10-03,ine_transaction_eur_m2,2424,,False
1011,Nazaré,Leiria,2026-10-03,listings_rent,11,11,False
1011,Nazaré,Leiria,2026-10-03,listings_sale,133,133,False
1011,Nazaré,Leiria,2026-10-03,median_asking_eur_m2_sale,3396,77,False
1011,Nazaré,Leiria,2026-10-03,median_asking_price_sale,385000,77,False
1011,Nazaré,Leiria,2026-10-03,median_days_on_market,269,133,False
1011,Nazaré,Leiria,2026-10-03,median_rent_eur_m2,,11,True
1011,Nazaré,Leiria,2026-10-03,median_rent_month,,11,True
1011,Nazaré,Leiria,2026-10-03,price_reduced_share_pct,27.8,133,False
1011,Nazaré,Leiria,2026-10-03,short_term_rental_registrations,1290,,False
1011,Nazaré,Leiria,2026-10-03,top_agency_share_pct,52.1,144,False
1012,Óbidos,Leiria,2026-10-03,agencies,35,162,False
1012,Óbidos,Leiria,2026-10-03,asking_vs_transaction_pct,109.9,108,False
1012,Óbidos,Leiria,2026-10-03,gross_rental_yield_pct,,4,True
1012,Óbidos,Leiria,2026-10-03,ine_transaction_eur_m2,2242,,False
1012,Óbidos,Leiria,2026-10-03,listings_rent,4,4,False
1012,Óbidos,Leiria,2026-10-03,listings_sale,158,158,False
1012,Óbidos,Leiria,2026-10-03,median_asking_eur_m2_sale,4706,108,False
1012,Óbidos,Leiria,2026-10-03,median_asking_price_sale,665000,108,False
1012,Óbidos,Leiria,2026-10-03,median_days_on_market,98,83,False
1012,Óbidos,Leiria,2026-10-03,median_rent_eur_m2,,4,True
1012,Óbidos,Leiria,2026-10-03,median_rent_month,,4,True
1012,Óbidos,Leiria,2026-10-03,price_reduced_share_pct,20.5,83,False
1012,Óbidos,Leiria,2026-10-03,short_term_rental_registrations,758,,False
1012,Óbidos,Leiria,2026-10-03,top_agency_share_pct,23.5,162,False
1013,Pedrógão Grande,Leiria,2026-10-03,agencies,7,17,False
1013,Pedrógão Grande,Leiria,2026-10-03,asking_vs_transaction_pct,,9,True
1013,Pedrógão Grande,Leiria,2026-10-03,gross_rental_yield_pct,,0,True
1013,Pedrógão Grande,Leiria,2026-10-03,ine_transaction_eur_m2,576,,False
1013,Pedrógão Grande,Leiria,2026-10-03,listings_rent,0,0,False
1013,Pedrógão Grande,Leiria,2026-10-03,listings_sale,17,17,False
1013,Pedrógão Grande,Leiria,2026-10-03,median_asking_eur_m2_sale,,9,True
1013,Pedrógão Grande,Leiria,2026-10-03,median_asking_price_sale,,9,True
1013,Pedrógão Grande,Leiria,2026-10-03,median_days_on_market,,15,True
1013,Pedrógão Grande,Leiria,2026-10-03,median_rent_eur_m2,,0,True
1013,Pedrógão Grande,Leiria,2026-10-03,median_rent_month,,0,True
1013,Pedrógão Grande,Leiria,2026-10-03,price_reduced_share_pct,,15,True
1013,Pedrógão Grande,Leiria,2026-10-03,short_term_rental_registrations,30,,False
1014,Peniche,Leiria,2026-10-03,agencies,30,194,False
1014,Peniche,Leiria,2026-10-03,asking_vs_transaction_pct,79.0,144,False
1014,Peniche,Leiria,2026-10-03,gross_rental_yield_pct,,4,True
1014,Peniche,Leiria,2026-10-03,ine_transaction_eur_m2,2219,,False
1014,Peniche,Leiria,2026-10-03,listings_rent,4,4,False
1014,Peniche,Leiria,2026-10-03,listings_sale,190,190,False
1014,Peniche,Leiria,2026-10-03,median_asking_eur_m2_sale,3973,144,False
1014,Peniche,Leiria,2026-10-03,median_asking_price_sale,392500,144,False
1014,Peniche,Leiria,2026-10-03,median_days_on_market,63,155,False
1014,Peniche,Leiria,2026-10-03,median_rent_eur_m2,,4,True
1014,Peniche,Leiria,2026-10-03,median_rent_month,,4,True
1014,Peniche,Leiria,2026-10-03,price_reduced_share_pct,23.2,155,False
1014,Peniche,Leiria,2026-10-03,short_term_rental_registrations,1336,,False
1014,Peniche,Leiria,2026-10-03,top_agency_share_pct,32.5,194,False
1015,Pombal,Leiria,2026-10-03,agencies,28,391,False
1015,Pombal,Leiria,2026-10-03,asking_vs_transaction_pct,64.2,115,False
1015,Pombal,Leiria,2026-10-03,gross_rental_yield_pct,,3,True
1015,Pombal,Leiria,2026-10-03,ine_transaction_eur_m2,1230,,False
1015,Pombal,Leiria,2026-10-03,listings_rent,14,14,False
1015,Pombal,Leiria,2026-10-03,listings_sale,377,377,False
1015,Pombal,Leiria,2026-10-03,median_asking_eur_m2_sale,2020,115,False
1015,Pombal,Leiria,2026-10-03,median_asking_price_sale,265000,115,False
1015,Pombal,Leiria,2026-10-03,median_days_on_market,276,380,False
1015,Pombal,Leiria,2026-10-03,median_rent_eur_m2,,3,True
1015,Pombal,Leiria,2026-10-03,median_rent_month,,3,True
1015,Pombal,Leiria,2026-10-03,price_reduced_share_pct,21.7,378,False
1015,Pombal,Leiria,2026-10-03,short_term_rental_registrations,151,,False
1015,Pombal,Leiria,2026-10-03,top_agency_share_pct,45.8,391,False
1016,Porto de Mós,Leiria,2026-10-03,agencies,20,119,False
1016,Porto de Mós,Leiria,2026-10-03,asking_vs_transaction_pct,38.4,52,False
1016,Porto de Mós,Leiria,2026-10-03,gross_rental_yield_pct,,0,True
1016,Porto de Mós,Leiria,2026-10-03,ine_transaction_eur_m2,1233,,False
1016,Porto de Mós,Leiria,2026-10-03,listings_rent,1,1,False
1016,Porto de Mós,Leiria,2026-10-03,listings_sale,118,118,False
1016,Porto de Mós,Leiria,2026-10-03,median_asking_eur_m2_sale,1706,52,False
1016,Porto de Mós,Leiria,2026-10-03,median_asking_price_sale,217500,53,False
1016,Porto de Mós,Leiria,2026-10-03,median_days_on_market,226,115,False
1016,Porto de Mós,Leiria,2026-10-03,median_rent_eur_m2,,0,True
1016,Porto de Mós,Leiria,2026-10-03,median_rent_month,,0,True
1016,Porto de Mós,Leiria,2026-10-03,price_reduced_share_pct,20.0,115,False
1016,Porto de Mós,Leiria,2026-10-03,short_term_rental_registrations,116,,False
1016,Porto de Mós,Leiria,2026-10-03,top_agency_share_pct,25.2,119,False
1101,Alenquer,Lisboa,2026-10-03,agencies,67,384,False
1101,Alenquer,Lisboa,2026-10-03,asking_vs_transaction_pct,46.4,212,False
1101,Alenquer,Lisboa,2026-10-03,gross_rental_yield_pct,,5,True
1101,Alenquer,Lisboa,2026-10-03,ine_transaction_eur_m2,1928,,False
1101,Alenquer,Lisboa,2026-10-03,listings_rent,7,7,False
1101,Alenquer,Lisboa,2026-10-03,listings_sale,377,377,False
1101,Alenquer,Lisboa,2026-10-03,median_asking_eur_m2_sale,2822,212,False
1101,Alenquer,Lisboa,2026-10-03,median_asking_price_sale,285000,212,False
1101,Alenquer,Lisboa,2026-10-03,median_days_on_market,111,323,False
1101,Alenquer,Lisboa,2026-10-03,median_rent_eur_m2,,5,True
1101,Alenquer,Lisboa,2026-10-03,median_rent_month,,5,True
1101,Alenquer,Lisboa,2026-10-03,price_reduced_share_pct,27.9,323,False
1101,Alenquer,Lisboa,2026-10-03,short_term_rental_registrations,127,,False
1101,Alenquer,Lisboa,2026-10-03,top_agency_share_pct,37.0,384,False
1102,Arruda dos Vinhos,Lisboa,2026-10-03,agencies,32,101,False
1102,Arruda dos Vinhos,Lisboa,2026-10-03,asking_vs_transaction_pct,24.4,49,False
1102,Arruda dos Vinhos,Lisboa,2026-10-03,gross_rental_yield_pct,,1,True
1102,Arruda dos Vinhos,Lisboa,2026-10-03,ine_transaction_eur_m2,2161,,False
1102,Arruda dos Vinhos,Lisboa,2026-10-03,listings_rent,2,2,False
1102,Arruda dos Vinhos,Lisboa,2026-10-03,listings_sale,99,99,False
1102,Arruda dos Vinhos,Lisboa,2026-10-03,median_asking_eur_m2_sale,2688,49,False
1102,Arruda dos Vinhos,Lisboa,2026-10-03,median_asking_price_sale,310000,49,False
1102,Arruda dos Vinhos,Lisboa,2026-10-03,median_days_on_market,179,79,False
1102,Arruda dos Vinhos,Lisboa,2026-10-03,median_rent_eur_m2,,1,True
1102,Arruda dos Vinhos,Lisboa,2026-10-03,median_rent_month,,1,True
1102,Arruda dos Vinhos,Lisboa,2026-10-03,price_reduced_share_pct,25.3,79,False
1102,Arruda dos Vinhos,Lisboa,2026-10-03,short_term_rental_registrations,10,,False
1102,Arruda dos Vinhos,Lisboa,2026-10-03,top_agency_share_pct,29.7,101,False
1103,Azambuja,Lisboa,2026-10-03,agencies,49,206,False
1103,Azambuja,Lisboa,2026-10-03,asking_vs_transaction_pct,26.0,99,False
1103,Azambuja,Lisboa,2026-10-03,gross_rental_yield_pct,,2,True
1103,Azambuja,Lisboa,2026-10-03,ine_transaction_eur_m2,1902,,False
1103,Azambuja,Lisboa,2026-10-03,listings_rent,8,8,False
1103,Azambuja,Lisboa,2026-10-03,listings_sale,198,198,False
1103,Azambuja,Lisboa,2026-10-03,median_asking_eur_m2_sale,2396,99,False
1103,Azambuja,Lisboa,2026-10-03,median_asking_price_sale,295000,99,False
1103,Azambuja,Lisboa,2026-10-03,median_days_on_market,151,171,False
1103,Azambuja,Lisboa,2026-10-03,median_rent_eur_m2,,2,True
1103,Azambuja,Lisboa,2026-10-03,median_rent_month,,2,True
1103,Azambuja,Lisboa,2026-10-03,price_reduced_share_pct,32.7,171,False
1103,Azambuja,Lisboa,2026-10-03,short_term_rental_registrations,37,,False
1103,Azambuja,Lisboa,2026-10-03,top_agency_share_pct,34.5,206,False
1104,Cadaval,Lisboa,2026-10-03,agencies,34,84,False
1104,Cadaval,Lisboa,2026-10-03,asking_vs_transaction_pct,23.9,46,False
1104,Cadaval,Lisboa,2026-10-03,gross_rental_yield_pct,,1,True
1104,Cadaval,Lisboa,2026-10-03,ine_transaction_eur_m2,1432,,False
1104,Cadaval,Lisboa,2026-10-03,listings_rent,1,1,False
1104,Cadaval,Lisboa,2026-10-03,listings_sale,83,83,False
1104,Cadaval,Lisboa,2026-10-03,median_asking_eur_m2_sale,1774,46,False
1104,Cadaval,Lisboa,2026-10-03,median_asking_price_sale,275000,46,False
1104,Cadaval,Lisboa,2026-10-03,median_days_on_market,169,67,False
1104,Cadaval,Lisboa,2026-10-03,median_rent_eur_m2,,1,True
1104,Cadaval,Lisboa,2026-10-03,median_rent_month,,1,True
1104,Cadaval,Lisboa,2026-10-03,price_reduced_share_pct,29.9,67,False
1104,Cadaval,Lisboa,2026-10-03,short_term_rental_registrations,54,,False
1104,Cadaval,Lisboa,2026-10-03,top_agency_share_pct,29.8,84,False
1105,Cascais,Lisboa,2026-10-03,agencies,123,1847,False
1105,Cascais,Lisboa,2026-10-03,asking_vs_transaction_pct,52.0,1273,False
1105,Cascais,Lisboa,2026-10-03,gross_rental_yield_pct,4.0,244,False
1105,Cascais,Lisboa,2026-10-03,ine_transaction_eur_m2,4687,,False
1105,Cascais,Lisboa,2026-10-03,listings_rent,299,299,False
1105,Cascais,Lisboa,2026-10-03,listings_sale,1548,1548,False
1105,Cascais,Lisboa,2026-10-03,median_asking_eur_m2_sale,7126,1273,False
1105,Cascais,Lisboa,2026-10-03,median_asking_price_sale,1145500,1282,False
1105,Cascais,Lisboa,2026-10-03,median_days_on_market,104,1177,False
1105,Cascais,Lisboa,2026-10-03,median_rent_eur_m2,23.5,244,False
1105,Cascais,Lisboa,2026-10-03,median_rent_month,2200,244,False
1105,Cascais,Lisboa,2026-10-03,price_reduced_share_pct,19.8,1176,False
1105,Cascais,Lisboa,2026-10-03,short_term_rental_registrations,2459,,False
1105,Cascais,Lisboa,2026-10-03,top_agency_share_pct,10.1,1847,False
1106,Lisboa,Lisboa,2026-10-03,agencies,190,5472,False
1106,Lisboa,Lisboa,2026-10-03,asking_vs_transaction_pct,43.5,3278,False
1106,Lisboa,Lisboa,2026-10-03,gross_rental_yield_pct,3.8,979,False
1106,Lisboa,Lisboa,2026-10-03,ine_transaction_eur_m2,5082,,False
1106,Lisboa,Lisboa,2026-10-03,listings_rent,1341,1341,False
1106,Lisboa,Lisboa,2026-10-03,listings_sale,4132,4132,False
1106,Lisboa,Lisboa,2026-10-03,median_asking_eur_m2_sale,7291,3278,False
1106,Lisboa,Lisboa,2026-10-03,median_asking_price_sale,635000,3284,False
1106,Lisboa,Lisboa,2026-10-03,median_days_on_market,88,3470,False
1106,Lisboa,Lisboa,2026-10-03,median_rent_eur_m2,22.8,979,False
1106,Lisboa,Lisboa,2026-10-03,median_rent_month,1750,980,False
1106,Lisboa,Lisboa,2026-10-03,price_reduced_share_pct,20.2,3470,False
1106,Lisboa,Lisboa,2026-10-03,short_term_rental_registrations,11868,,False
1106,Lisboa,Lisboa,2026-10-03,top_agency_share_pct,7.2,5472,False
1107,Loures,Lisboa,2026-10-03,agencies,120,1080,False
1107,Loures,Lisboa,2026-10-03,asking_vs_transaction_pct,49.9,725,False
1107,Loures,Lisboa,2026-10-03,gross_rental_yield_pct,4.4,61,False
1107,Loures,Lisboa,2026-10-03,ine_transaction_eur_m2,3191,,False
1107,Loures,Lisboa,2026-10-03,listings_rent,88,88,False
1107,Loures,Lisboa,2026-10-03,listings_sale,992,992,False
1107,Loures,Lisboa,2026-10-03,median_asking_eur_m2_sale,4783,725,False
1107,Loures,Lisboa,2026-10-03,median_asking_price_sale,485000,725,False
1107,Loures,Lisboa,2026-10-03,median_days_on_market,123,876,False
1107,Loures,Lisboa,2026-10-03,median_rent_eur_m2,17.4,61,False
1107,Loures,Lisboa,2026-10-03,median_rent_month,1500,61,False
1107,Loures,Lisboa,2026-10-03,price_reduced_share_pct,14.4,859,False
1107,Loures,Lisboa,2026-10-03,short_term_rental_registrations,244,,False
1107,Loures,Lisboa,2026-10-03,top_agency_share_pct,11.4,1080,False
1108,Lourinhã,Lisboa,2026-10-03,agencies,46,214,False
1108,Lourinhã,Lisboa,2026-10-03,asking_vs_transaction_pct,74.2,133,False
1108,Lourinhã,Lisboa,2026-10-03,gross_rental_yield_pct,,7,True
1108,Lourinhã,Lisboa,2026-10-03,ine_transaction_eur_m2,2030,,False
1108,Lourinhã,Lisboa,2026-10-03,listings_rent,8,8,False
1108,Lourinhã,Lisboa,2026-10-03,listings_sale,206,206,False
1108,Lourinhã,Lisboa,2026-10-03,median_asking_eur_m2_sale,3536,133,False
1108,Lourinhã,Lisboa,2026-10-03,median_asking_price_sale,440000,133,False
1108,Lourinhã,Lisboa,2026-10-03,median_days_on_market,144,171,False
1108,Lourinhã,Lisboa,2026-10-03,median_rent_eur_m2,,7,True
1108,Lourinhã,Lisboa,2026-10-03,median_rent_month,,7,True
1108,Lourinhã,Lisboa,2026-10-03,price_reduced_share_pct,26.9,171,False
1108,Lourinhã,Lisboa,2026-10-03,short_term_rental_registrations,568,,False
1108,Lourinhã,Lisboa,2026-10-03,top_agency_share_pct,28.5,214,False
1109,Mafra,Lisboa,2026-10-03,agencies,84,841,False
1109,Mafra,Lisboa,2026-10-03,asking_vs_transaction_pct,50.5,501,False
1109,Mafra,Lisboa,2026-10-03,gross_rental_yield_pct,,26,True
1109,Mafra,Lisboa,2026-10-03,ine_transaction_eur_m2,2942,,False
1109,Mafra,Lisboa,2026-10-03,listings_rent,48,48,False
1109,Mafra,Lisboa,2026-10-03,listings_sale,796,796,False
1109,Mafra,Lisboa,2026-10-03,median_asking_eur_m2_sale,4427,501,False
1109,Mafra,Lisboa,2026-10-03,median_asking_price_sale,565000,501,False
1109,Mafra,Lisboa,2026-10-03,median_days_on_market,172,577,False
1109,Mafra,Lisboa,2026-10-03,median_rent_eur_m2,,26,True
1109,Mafra,Lisboa,2026-10-03,median_rent_month,,26,True
1109,Mafra,Lisboa,2026-10-03,price_reduced_share_pct,18.7,577,False
1109,Mafra,Lisboa,2026-10-03,short_term_rental_registrations,1135,,False
1109,Mafra,Lisboa,2026-10-03,top_agency_share_pct,12.1,841,False
1110,Oeiras,Lisboa,2026-10-03,agencies,121,1135,False
1110,Oeiras,Lisboa,2026-10-03,asking_vs_transaction_pct,45.4,692,False
1110,Oeiras,Lisboa,2026-10-03,gross_rental_yield_pct,3.7,164,False
1110,Oeiras,Lisboa,2026-10-03,ine_transaction_eur_m2,4297,,False
1110,Oeiras,Lisboa,2026-10-03,listings_rent,261,261,False
1110,Oeiras,Lisboa,2026-10-03,listings_sale,876,876,False
1110,Oeiras,Lisboa,2026-10-03,median_asking_eur_m2_sale,6246,692,False
1110,Oeiras,Lisboa,2026-10-03,median_asking_price_sale,770000,695,False
1110,Oeiras,Lisboa,2026-10-03,median_days_on_market,53,755,False
1110,Oeiras,Lisboa,2026-10-03,median_rent_eur_m2,19.0,164,False
1110,Oeiras,Lisboa,2026-10-03,median_rent_month,1850,164,False
1110,Oeiras,Lisboa,2026-10-03,price_reduced_share_pct,17.1,755,False
1110,Oeiras,Lisboa,2026-10-03,short_term_rental_registrations,614,,False
1110,Oeiras,Lisboa,2026-10-03,top_agency_share_pct,7.3,1135,False
1111,Sintra,Lisboa,2026-10-03,agencies,167,2387,False
1111,Sintra,Lisboa,2026-10-03,asking_vs_transaction_pct,35.4,1384,False
1111,Sintra,Lisboa,2026-10-03,gross_rental_yield_pct,5.1,108,False
1111,Sintra,Lisboa,2026-10-03,ine_transaction_eur_m2,2908,,False
1111,Sintra,Lisboa,2026-10-03,listings_rent,179,179,False
1111,Sintra,Lisboa,2026-10-03,listings_sale,2209,2209,False
1111,Sintra,Lisboa,2026-10-03,median_asking_eur_m2_sale,3938,1384,False
1111,Sintra,Lisboa,2026-10-03,median_asking_price_sale,370000,1385,False
1111,Sintra,Lisboa,2026-10-03,median_days_on_market,85,1839,False
1111,Sintra,Lisboa,2026-10-03,median_rent_eur_m2,16.7,108,False
1111,Sintra,Lisboa,2026-10-03,median_rent_month,1350,108,False
1111,Sintra,Lisboa,2026-10-03,price_reduced_share_pct,22.5,1838,False
1111,Sintra,Lisboa,2026-10-03,short_term_rental_registrations,1229,,False
1111,Sintra,Lisboa,2026-10-03,top_agency_share_pct,7.2,2387,False
1112,Sobral de Monte Agraço,Lisboa,2026-10-03,agencies,24,80,False
1112,Sobral de Monte Agraço,Lisboa,2026-10-03,asking_vs_transaction_pct,62.8,44,False
1112,Sobral de Monte Agraço,Lisboa,2026-10-03,gross_rental_yield_pct,,0,True
1112,Sobral de Monte Agraço,Lisboa,2026-10-03,ine_transaction_eur_m2,1865,,False
1112,Sobral de Monte Agraço,Lisboa,2026-10-03,listings_rent,1,1,False
1112,Sobral de Monte Agraço,Lisboa,2026-10-03,listings_sale,79,79,False
1112,Sobral de Monte Agraço,Lisboa,2026-10-03,median_asking_eur_m2_sale,3036,44,False
1112,Sobral de Monte Agraço,Lisboa,2026-10-03,median_asking_price_sale,350000,44,False
1112,Sobral de Monte Agraço,Lisboa,2026-10-03,median_days_on_market,118,80,False
1112,Sobral de Monte Agraço,Lisboa,2026-10-03,median_rent_eur_m2,,0,True
1112,Sobral de Monte Agraço,Lisboa,2026-10-03,median_rent_month,,0,True
1112,Sobral de Monte Agraço,Lisboa,2026-10-03,price_reduced_share_pct,27.5,80,False
1112,Sobral de Monte Agraço,Lisboa,2026-10-03,short_term_rental_registrations,23,,False
1112,Sobral de Monte Agraço,Lisboa,2026-10-03,top_agency_share_pct,28.8,80,False
1113,Torres Vedras,Lisboa,2026-10-03,agencies,79,476,False
1113,Torres Vedras,Lisboa,2026-10-03,asking_vs_transaction_pct,26.9,261,False
1113,Torres Vedras,Lisboa,2026-10-03,gross_rental_yield_pct,,7,True
1113,Torres Vedras,Lisboa,2026-10-03,ine_transaction_eur_m2,2292,,False
1113,Torres Vedras,Lisboa,2026-10-03,listings_rent,12,12,False
1113,Torres Vedras,Lisboa,2026-10-03,listings_sale,464,464,False
1113,Torres Vedras,Lisboa,2026-10-03,median_asking_eur_m2_sale,2908,261,False
1113,Torres Vedras,Lisboa,2026-10-03,median_asking_price_sale,420000,261,False
1113,Torres Vedras,Lisboa,2026-10-03,median_days_on_market,108,362,False
1113,Torres Vedras,Lisboa,2026-10-03,median_rent_eur_m2,,7,True
1113,Torres Vedras,Lisboa,2026-10-03,median_rent_month,,7,True
1113,Torres Vedras,Lisboa,2026-10-03,price_reduced_share_pct,24.0,362,False
1113,Torres Vedras,Lisboa,2026-10-03,short_term_rental_registrations,346,,False
1113,Torres Vedras,Lisboa,2026-10-03,top_agency_share_pct,37.2,476,False
1114,Vila Franca de Xira,Lisboa,2026-10-03,agencies,100,650,False
1114,Vila Franca de Xira,Lisboa,2026-10-03,asking_vs_transaction_pct,31.6,399,False
1114,Vila Franca de Xira,Lisboa,2026-10-03,gross_rental_yield_pct,4.7,30,False
1114,Vila Franca de Xira,Lisboa,2026-10-03,ine_transaction_eur_m2,2822,,False
1114,Vila Franca de Xira,Lisboa,2026-10-03,listings_rent,53,53,False
1114,Vila Franca de Xira,Lisboa,2026-10-03,listings_sale,597,597,False
1114,Vila Franca de Xira,Lisboa,2026-10-03,median_asking_eur_m2_sale,3714,399,False
1114,Vila Franca de Xira,Lisboa,2026-10-03,median_asking_price_sale,389500,399,False
1114,Vila Franca de Xira,Lisboa,2026-10-03,median_days_on_market,113,547,False
1114,Vila Franca de Xira,Lisboa,2026-10-03,median_rent_eur_m2,14.5,30,False
1114,Vila Franca de Xira,Lisboa,2026-10-03,median_rent_month,1350,30,False
1114,Vila Franca de Xira,Lisboa,2026-10-03,price_reduced_share_pct,19.6,547,False
1114,Vila Franca de Xira,Lisboa,2026-10-03,short_term_rental_registrations,67,,False
1114,Vila Franca de Xira,Lisboa,2026-10-03,top_agency_share_pct,14.9,650,False
1115,Amadora,Lisboa,2026-10-03,agencies,118,559,False
1115,Amadora,Lisboa,2026-10-03,asking_vs_transaction_pct,36.6,309,False
1115,Amadora,Lisboa,2026-10-03,gross_rental_yield_pct,5.0,56,False
1115,Amadora,Lisboa,2026-10-03,ine_transaction_eur_m2,3143,,False
1115,Amadora,Lisboa,2026-10-03,listings_rent,90,90,False
1115,Amadora,Lisboa,2026-10-03,listings_sale,469,469,False
1115,Amadora,Lisboa,2026-10-03,median_asking_eur_m2_sale,4294,309,False
1115,Amadora,Lisboa,2026-10-03,median_asking_price_sale,305000,309,False
1115,Amadora,Lisboa,2026-10-03,median_days_on_market,58,409,False
1115,Amadora,Lisboa,2026-10-03,median_rent_eur_m2,17.9,56,False
1115,Amadora,Lisboa,2026-10-03,median_rent_month,1310,56,False
1115,Amadora,Lisboa,2026-10-03,price_reduced_share_pct,21.5,409,False
1115,Amadora,Lisboa,2026-10-03,short_term_rental_registrations,211,,False
1115,Amadora,Lisboa,2026-10-03,top_agency_share_pct,5.5,559,False
1116,Odivelas,Lisboa,2026-10-03,agencies,102,560,False
1116,Odivelas,Lisboa,2026-10-03,asking_vs_transaction_pct,25.3,334,False
1116,Odivelas,Lisboa,2026-10-03,gross_rental_yield_pct,4.9,62,False
1116,Odivelas,Lisboa,2026-10-03,ine_transaction_eur_m2,3462,,False
1116,Odivelas,Lisboa,2026-10-03,listings_rent,84,84,False
1116,Odivelas,Lisboa,2026-10-03,listings_sale,476,476,False
1116,Odivelas,Lisboa,2026-10-03,median_asking_eur_m2_sale,4337,334,False
1116,Odivelas,Lisboa,2026-10-03,median_asking_price_sale,464900,335,False
1116,Odivelas,Lisboa,2026-10-03,median_days_on_market,81,419,False
1116,Odivelas,Lisboa,2026-10-03,median_rent_eur_m2,17.8,62,False
1116,Odivelas,Lisboa,2026-10-03,median_rent_month,1575,62,False
1116,Odivelas,Lisboa,2026-10-03,price_reduced_share_pct,23.2,419,False
1116,Odivelas,Lisboa,2026-10-03,short_term_rental_registrations,114,,False
1116,Odivelas,Lisboa,2026-10-03,top_agency_share_pct,10.2,560,False
1201,Alter do Chão,Portalegre,2026-10-03,agencies,10,21,False
1201,Alter do Chão,Portalegre,2026-10-03,asking_vs_transaction_pct,,10,True
1201,Alter do Chão,Portalegre,2026-10-03,gross_rental_yield_pct,,0,True
1201,Alter do Chão,Portalegre,2026-10-03,ine_transaction_eur_m2,461,,False
1201,Alter do Chão,Portalegre,2026-10-03,listings_rent,0,0,False
1201,Alter do Chão,Portalegre,2026-10-03,listings_sale,21,21,False
1201,Alter do Chão,Portalegre,2026-10-03,median_asking_eur_m2_sale,,10,True
1201,Alter do Chão,Portalegre,2026-10-03,median_asking_price_sale,,10,True
1201,Alter do Chão,Portalegre,2026-10-03,median_days_on_market,,16,True
1201,Alter do Chão,Portalegre,2026-10-03,median_rent_eur_m2,,0,True
1201,Alter do Chão,Portalegre,2026-10-03,median_rent_month,,0,True
1201,Alter do Chão,Portalegre,2026-10-03,price_reduced_share_pct,,16,True
1201,Alter do Chão,Portalegre,2026-10-03,short_term_rental_registrations,17,,False
1202,Arronches,Portalegre,2026-10-03,agencies,9,22,False
1202,Arronches,Portalegre,2026-10-03,asking_vs_transaction_pct,,15,True
1202,Arronches,Portalegre,2026-10-03,gross_rental_yield_pct,,0,True
1202,Arronches,Portalegre,2026-10-03,ine_transaction_eur_m2,842,,False
1202,Arronches,Portalegre,2026-10-03,listings_rent,0,0,False
1202,Arronches,Portalegre,2026-10-03,listings_sale,22,22,False
1202,Arronches,Portalegre,2026-10-03,median_asking_eur_m2_sale,,15,True
1202,Arronches,Portalegre,2026-10-03,median_asking_price_sale,,15,True
1202,Arronches,Portalegre,2026-10-03,median_days_on_market,,21,True
1202,Arronches,Portalegre,2026-10-03,median_rent_eur_m2,,0,True
1202,Arronches,Portalegre,2026-10-03,median_rent_month,,0,True
1202,Arronches,Portalegre,2026-10-03,price_reduced_share_pct,,21,True
1202,Arronches,Portalegre,2026-10-03,short_term_rental_registrations,20,,False
1203,Avis,Portalegre,2026-10-03,agencies,15,38,False
1203,Avis,Portalegre,2026-10-03,asking_vs_transaction_pct,,15,True
1203,Avis,Portalegre,2026-10-03,gross_rental_yield_pct,,0,True
1203,Avis,Portalegre,2026-10-03,ine_transaction_eur_m2,767,,False
1203,Avis,Portalegre,2026-10-03,listings_rent,0,0,False
1203,Avis,Portalegre,2026-10-03,listings_sale,38,38,False
1203,Avis,Portalegre,2026-10-03,median_asking_eur_m2_sale,,15,True
1203,Avis,Portalegre,2026-10-03,median_asking_price_sale,,15,True
1203,Avis,Portalegre,2026-10-03,median_days_on_market,407,35,False
1203,Avis,Portalegre,2026-10-03,median_rent_eur_m2,,0,True
1203,Avis,Portalegre,2026-10-03,median_rent_month,,0,True
1203,Avis,Portalegre,2026-10-03,price_reduced_share_pct,34.3,35,False
1203,Avis,Portalegre,2026-10-03,short_term_rental_registrations,56,,False
1203,Avis,Portalegre,2026-10-03,top_agency_share_pct,42.1,38,False
1204,Campo Maior,Portalegre,2026-10-03,agencies,4,32,False
1204,Campo Maior,Portalegre,2026-10-03,asking_vs_transaction_pct,,22,True
1204,Campo Maior,Portalegre,2026-10-03,gross_rental_yield_pct,,1,True
1204,Campo Maior,Portalegre,2026-10-03,ine_transaction_eur_m2,697,,False
1204,Campo Maior,Portalegre,2026-10-03,listings_rent,2,2,False
1204,Campo Maior,Portalegre,2026-10-03,listings_sale,30,30,False
1204,Campo Maior,Portalegre,2026-10-03,median_asking_eur_m2_sale,,22,True
1204,Campo Maior,Portalegre,2026-10-03,median_asking_price_sale,,22,True
1204,Campo Maior,Portalegre,2026-10-03,median_days_on_market,164,32,False
1204,Campo Maior,Portalegre,2026-10-03,median_rent_eur_m2,,1,True
1204,Campo Maior,Portalegre,2026-10-03,median_rent_month,,1,True
1204,Campo Maior,Portalegre,2026-10-03,price_reduced_share_pct,25.0,32,False
1204,Campo Maior,Portalegre,2026-10-03,short_term_rental_registrations,17,,False
1204,Campo Maior,Portalegre,2026-10-03,top_agency_share_pct,87.5,32,False
1205,Castelo de Vide,Portalegre,2026-10-03,agencies,4,9,False
1205,Castelo de Vide,Portalegre,2026-10-03,asking_vs_transaction_pct,,5,True
1205,Castelo de Vide,Portalegre,2026-10-03,gross_rental_yield_pct,,0,True
1205,Castelo de Vide,Portalegre,2026-10-03,ine_transaction_eur_m2,705,,False
1205,Castelo de Vide,Portalegre,2026-10-03,listings_rent,0,0,False
1205,Castelo de Vide,Portalegre,2026-10-03,listings_sale,9,9,False
1205,Castelo de Vide,Portalegre,2026-10-03,median_asking_eur_m2_sale,,5,True
1205,Castelo de Vide,Portalegre,2026-10-03,median_asking_price_sale,,5,True
1205,Castelo de Vide,Portalegre,2026-10-03,median_days_on_market,,8,True
1205,Castelo de Vide,Portalegre,2026-10-03,median_rent_eur_m2,,0,True
1205,Castelo de Vide,Portalegre,2026-10-03,median_rent_month,,0,True
1205,Castelo de Vide,Portalegre,2026-10-03,price_reduced_share_pct,,8,True
1205,Castelo de Vide,Portalegre,2026-10-03,short_term_rental_registrations,78,,False
1206,Crato,Portalegre,2026-10-03,agencies,6,22,False
1206,Crato,Portalegre,2026-10-03,asking_vs_transaction_pct,,13,True
1206,Crato,Portalegre,2026-10-03,gross_rental_yield_pct,,0,True
1206,Crato,Portalegre,2026-10-03,ine_transaction_eur_m2,508,,False
1206,Crato,Portalegre,2026-10-03,listings_rent,0,0,False
1206,Crato,Portalegre,2026-10-03,listings_sale,22,22,False
1206,Crato,Portalegre,2026-10-03,median_asking_eur_m2_sale,,13,True
1206,Crato,Portalegre,2026-10-03,median_asking_price_sale,,13,True
1206,Crato,Portalegre,2026-10-03,median_days_on_market,,22,True
1206,Crato,Portalegre,2026-10-03,median_rent_eur_m2,,0,True
1206,Crato,Portalegre,2026-10-03,median_rent_month,,0,True
1206,Crato,Portalegre,2026-10-03,price_reduced_share_pct,,22,True
1206,Crato,Portalegre,2026-10-03,short_term_rental_registrations,27,,False
1207,Elvas,Portalegre,2026-10-03,agencies,24,137,False
1207,Elvas,Portalegre,2026-10-03,asking_vs_transaction_pct,33.3,61,False
1207,Elvas,Portalegre,2026-10-03,gross_rental_yield_pct,,2,True
1207,Elvas,Portalegre,2026-10-03,ine_transaction_eur_m2,938,,False
1207,Elvas,Portalegre,2026-10-03,listings_rent,4,4,False
1207,Elvas,Portalegre,2026-10-03,listings_sale,133,133,False
1207,Elvas,Portalegre,2026-10-03,median_asking_eur_m2_sale,1250,61,False
1207,Elvas,Portalegre,2026-10-03,median_asking_price_sale,129970,61,False
1207,Elvas,Portalegre,2026-10-03,median_days_on_market,216,125,False
1207,Elvas,Portalegre,2026-10-03,median_rent_eur_m2,,2,True
1207,Elvas,Portalegre,2026-10-03,median_rent_month,,2,True
1207,Elvas,Portalegre,2026-10-03,price_reduced_share_pct,19.2,125,False
1207,Elvas,Portalegre,2026-10-03,short_term_rental_registrations,137,,False
1207,Elvas,Portalegre,2026-10-03,top_agency_share_pct,71.5,137,False
1208,Fronteira,Portalegre,2026-10-03,agencies,6,11,False
1208,Fronteira,Portalegre,2026-10-03,asking_vs_transaction_pct,,7,True
1208,Fronteira,Portalegre,2026-10-03,gross_rental_yield_pct,,2,True
1208,Fronteira,Portalegre,2026-10-03,ine_transaction_eur_m2,596,,False
1208,Fronteira,Portalegre,2026-10-03,listings_rent,2,2,False
1208,Fronteira,Portalegre,2026-10-03,listings_sale,9,9,False
1208,Fronteira,Portalegre,2026-10-03,median_asking_eur_m2_sale,,7,True
1208,Fronteira,Portalegre,2026-10-03,median_asking_price_sale,,7,True
1208,Fronteira,Portalegre,2026-10-03,median_days_on_market,,10,True
1208,Fronteira,Portalegre,2026-10-03,median_rent_eur_m2,,2,True
1208,Fronteira,Portalegre,2026-10-03,median_rent_month,,2,True
1208,Fronteira,Portalegre,2026-10-03,price_reduced_share_pct,,10,True
1208,Fronteira,Portalegre,2026-10-03,short_term_rental_registrations,31,,False
1209,Gavião,Portalegre,2026-10-03,agencies,14,56,False
1209,Gavião,Portalegre,2026-10-03,asking_vs_transaction_pct,,25,True
1209,Gavião,Portalegre,2026-10-03,gross_rental_yield_pct,,0,True
1209,Gavião,Portalegre,2026-10-03,ine_transaction_eur_m2,529,,False
1209,Gavião,Portalegre,2026-10-03,listings_rent,0,0,False
1209,Gavião,Portalegre,2026-10-03,listings_sale,56,56,False
1209,Gavião,Portalegre,2026-10-03,median_asking_eur_m2_sale,,25,True
1209,Gavião,Portalegre,2026-10-03,median_asking_price_sale,,25,True
1209,Gavião,Portalegre,2026-10-03,median_days_on_market,116,47,False
1209,Gavião,Portalegre,2026-10-03,median_rent_eur_m2,,0,True
1209,Gavião,Portalegre,2026-10-03,median_rent_month,,0,True
1209,Gavião,Portalegre,2026-10-03,price_reduced_share_pct,31.9,47,False
1209,Gavião,Portalegre,2026-10-03,short_term_rental_registrations,17,,False
1209,Gavião,Portalegre,2026-10-03,top_agency_share_pct,32.1,56,False
1210,Marvão,Portalegre,2026-10-03,agencies,4,25,False
1210,Marvão,Portalegre,2026-10-03,asking_vs_transaction_pct,,10,True
1210,Marvão,Portalegre,2026-10-03,gross_rental_yield_pct,,0,True
1210,Marvão,Portalegre,2026-10-03,ine_transaction_eur_m2,654,,False
1210,Marvão,Portalegre,2026-10-03,listings_rent,0,0,False
1210,Marvão,Portalegre,2026-10-03,listings_sale,25,25,False
1210,Marvão,Portalegre,2026-10-03,median_asking_eur_m2_sale,,10,True
1210,Marvão,Portalegre,2026-10-03,median_asking_price_sale,,10,True
1210,Marvão,Portalegre,2026-10-03,median_days_on_market,,24,True
1210,Marvão,Portalegre,2026-10-03,median_rent_eur_m2,,0,True
1210,Marvão,Portalegre,2026-10-03,median_rent_month,,0,True
1210,Marvão,Portalegre,2026-10-03,price_reduced_share_pct,,24,True
1210,Marvão,Portalegre,2026-10-03,short_term_rental_registrations,87,,False
1211,Monforte,Portalegre,2026-10-03,agencies,10,27,False
1211,Monforte,Portalegre,2026-10-03,asking_vs_transaction_pct,,21,True
1211,Monforte,Portalegre,2026-10-03,gross_rental_yield_pct,,0,True
1211,Monforte,Portalegre,2026-10-03,ine_transaction_eur_m2,544,,False
1211,Monforte,Portalegre,2026-10-03,listings_rent,0,0,False
1211,Monforte,Portalegre,2026-10-03,listings_sale,27,27,False
1211,Monforte,Portalegre,2026-10-03,median_asking_eur_m2_sale,,21,True
1211,Monforte,Portalegre,2026-10-03,median_asking_price_sale,,21,True
1211,Monforte,Portalegre,2026-10-03,median_days_on_market,,24,True
1211,Monforte,Portalegre,2026-10-03,median_rent_eur_m2,,0,True
1211,Monforte,Portalegre,2026-10-03,median_rent_month,,0,True
1211,Monforte,Portalegre,2026-10-03,price_reduced_share_pct,,24,True
1211,Monforte,Portalegre,2026-10-03,short_term_rental_registrations,11,,False
1212,Nisa,Portalegre,2026-10-03,agencies,22,62,False
1212,Nisa,Portalegre,2026-10-03,asking_vs_transaction_pct,22.0,30,False
1212,Nisa,Portalegre,2026-10-03,gross_rental_yield_pct,,1,True
1212,Nisa,Portalegre,2026-10-03,ine_transaction_eur_m2,500,,False
1212,Nisa,Portalegre,2026-10-03,listings_rent,1,1,False
1212,Nisa,Portalegre,2026-10-03,listings_sale,61,61,False
1212,Nisa,Portalegre,2026-10-03,median_asking_eur_m2_sale,610,30,False
1212,Nisa,Portalegre,2026-10-03,median_asking_price_sale,65000,31,False
1212,Nisa,Portalegre,2026-10-03,median_days_on_market,372,58,False
1212,Nisa,Portalegre,2026-10-03,median_rent_eur_m2,,1,True
1212,Nisa,Portalegre,2026-10-03,median_rent_month,,1,True
1212,Nisa,Portalegre,2026-10-03,price_reduced_share_pct,24.1,58,False
1212,Nisa,Portalegre,2026-10-03,short_term_rental_registrations,51,,False
1212,Nisa,Portalegre,2026-10-03,top_agency_share_pct,30.6,62,False
1213,Ponte de Sor,Portalegre,2026-10-03,agencies,22,89,False
1213,Ponte de Sor,Portalegre,2026-10-03,asking_vs_transaction_pct,115.5,37,False
1213,Ponte de Sor,Portalegre,2026-10-03,gross_rental_yield_pct,,1,True
1213,Ponte de Sor,Portalegre,2026-10-03,ine_transaction_eur_m2,960,,False
1213,Ponte de Sor,Portalegre,2026-10-03,listings_rent,3,3,False
1213,Ponte de Sor,Portalegre,2026-10-03,listings_sale,86,86,False
1213,Ponte de Sor,Portalegre,2026-10-03,median_asking_eur_m2_sale,2069,37,False
1213,Ponte de Sor,Portalegre,2026-10-03,median_asking_price_sale,180000,37,False
1213,Ponte de Sor,Portalegre,2026-10-03,median_days_on_market,342,82,False
1213,Ponte de Sor,Portalegre,2026-10-03,median_rent_eur_m2,,1,True
1213,Ponte de Sor,Portalegre,2026-10-03,median_rent_month,,1,True
1213,Ponte de Sor,Portalegre,2026-10-03,price_reduced_share_pct,23.2,82,False
1213,Ponte de Sor,Portalegre,2026-10-03,short_term_rental_registrations,134,,False
1213,Ponte de Sor,Portalegre,2026-10-03,top_agency_share_pct,65.2,89,False
1214,Portalegre,Portalegre,2026-10-03,agencies,16,111,False
1214,Portalegre,Portalegre,2026-10-03,asking_vs_transaction_pct,24.8,55,False
1214,Portalegre,Portalegre,2026-10-03,gross_rental_yield_pct,,0,True
1214,Portalegre,Portalegre,2026-10-03,ine_transaction_eur_m2,1088,,False
1214,Portalegre,Portalegre,2026-10-03,listings_rent,1,1,False
1214,Portalegre,Portalegre,2026-10-03,listings_sale,110,110,False
1214,Portalegre,Portalegre,2026-10-03,median_asking_eur_m2_sale,1358,55,False
1214,Portalegre,Portalegre,2026-10-03,median_asking_price_sale,175000,56,False
1214,Portalegre,Portalegre,2026-10-03,median_days_on_market,181,104,False
1214,Portalegre,Portalegre,2026-10-03,median_rent_eur_m2,,0,True
1214,Portalegre,Portalegre,2026-10-03,median_rent_month,,0,True
1214,Portalegre,Portalegre,2026-10-03,price_reduced_share_pct,21.2,104,False
1214,Portalegre,Portalegre,2026-10-03,short_term_rental_registrations,82,,False
1214,Portalegre,Portalegre,2026-10-03,top_agency_share_pct,76.6,111,False
1215,Sousel,Portalegre,2026-10-03,agencies,10,28,False
1215,Sousel,Portalegre,2026-10-03,asking_vs_transaction_pct,,14,True
1215,Sousel,Portalegre,2026-10-03,gross_rental_yield_pct,,1,True
1215,Sousel,Portalegre,2026-10-03,ine_transaction_eur_m2,668,,False
1215,Sousel,Portalegre,2026-10-03,listings_rent,2,2,False
1215,Sousel,Portalegre,2026-10-03,listings_sale,26,26,False
1215,Sousel,Portalegre,2026-10-03,median_asking_eur_m2_sale,,14,True
1215,Sousel,Portalegre,2026-10-03,median_asking_price_sale,,15,True
1215,Sousel,Portalegre,2026-10-03,median_days_on_market,,24,True
1215,Sousel,Portalegre,2026-10-03,median_rent_eur_m2,,1,True
1215,Sousel,Portalegre,2026-10-03,median_rent_month,,1,True
1215,Sousel,Portalegre,2026-10-03,price_reduced_share_pct,,24,True
1215,Sousel,Portalegre,2026-10-03,short_term_rental_registrations,29,,False
1301,Amarante,Porto,2026-10-03,agencies,28,274,False
1301,Amarante,Porto,2026-10-03,asking_vs_transaction_pct,43.5,103,False
1301,Amarante,Porto,2026-10-03,gross_rental_yield_pct,,2,True
1301,Amarante,Porto,2026-10-03,ine_transaction_eur_m2,1192,,False
1301,Amarante,Porto,2026-10-03,listings_rent,7,7,False
1301,Amarante,Porto,2026-10-03,listings_sale,267,267,False
1301,Amarante,Porto,2026-10-03,median_asking_eur_m2_sale,1711,103,False
1301,Amarante,Porto,2026-10-03,median_asking_price_sale,255000,103,False
1301,Amarante,Porto,2026-10-03,median_days_on_market,260,264,False
1301,Amarante,Porto,2026-10-03,median_rent_eur_m2,,2,True
1301,Amarante,Porto,2026-10-03,median_rent_month,,2,True
1301,Amarante,Porto,2026-10-03,price_reduced_share_pct,18.6,264,False
1301,Amarante,Porto,2026-10-03,short_term_rental_registrations,223,,False
1301,Amarante,Porto,2026-10-03,top_agency_share_pct,40.5,274,False
1302,Baião,Porto,2026-10-03,agencies,28,270,False
1302,Baião,Porto,2026-10-03,asking_vs_transaction_pct,46.3,107,False
1302,Baião,Porto,2026-10-03,gross_rental_yield_pct,,0,True
1302,Baião,Porto,2026-10-03,ine_transaction_eur_m2,841,,False
1302,Baião,Porto,2026-10-03,listings_rent,9,9,False
1302,Baião,Porto,2026-10-03,listings_sale,261,261,False
1302,Baião,Porto,2026-10-03,median_asking_eur_m2_sale,1230,107,False
1302,Baião,Porto,2026-10-03,median_asking_price_sale,150000,107,False
1302,Baião,Porto,2026-10-03,median_days_on_market,451,255,False
1302,Baião,Porto,2026-10-03,median_rent_eur_m2,,0,True
1302,Baião,Porto,2026-10-03,median_rent_month,,0,True
1302,Baião,Porto,2026-10-03,price_reduced_share_pct,24.8,254,False
1302,Baião,Porto,2026-10-03,short_term_rental_registrations,148,,False
1302,Baião,Porto,2026-10-03,top_agency_share_pct,43.3,270,False
1303,Felgueiras,Porto,2026-10-03,agencies,19,385,False
1303,Felgueiras,Porto,2026-10-03,asking_vs_transaction_pct,55.9,142,False
1303,Felgueiras,Porto,2026-10-03,gross_rental_yield_pct,,5,True
1303,Felgueiras,Porto,2026-10-03,ine_transaction_eur_m2,1201,,False
1303,Felgueiras,Porto,2026-10-03,listings_rent,17,17,False
1303,Felgueiras,Porto,2026-10-03,listings_sale,368,368,False
1303,Felgueiras,Porto,2026-10-03,median_asking_eur_m2_sale,1872,142,False
1303,Felgueiras,Porto,2026-10-03,median_asking_price_sale,335000,144,False
1303,Felgueiras,Porto,2026-10-03,median_days_on_market,301,383,False
1303,Felgueiras,Porto,2026-10-03,median_rent_eur_m2,,5,True
1303,Felgueiras,Porto,2026-10-03,median_rent_month,,5,True
1303,Felgueiras,Porto,2026-10-03,price_reduced_share_pct,9.7,380,False
1303,Felgueiras,Porto,2026-10-03,short_term_rental_registrations,61,,False
1303,Felgueiras,Porto,2026-10-03,top_agency_share_pct,61.8,385,False
1304,Gondomar,Porto,2026-10-03,agencies,63,565,False
1304,Gondomar,Porto,2026-10-03,asking_vs_transaction_pct,46.9,388,False
1304,Gondomar,Porto,2026-10-03,gross_rental_yield_pct,,9,True
1304,Gondomar,Porto,2026-10-03,ine_transaction_eur_m2,2227,,False
1304,Gondomar,Porto,2026-10-03,listings_rent,15,15,False
1304,Gondomar,Porto,2026-10-03,listings_sale,550,550,False
1304,Gondomar,Porto,2026-10-03,median_asking_eur_m2_sale,3271,388,False
1304,Gondomar,Porto,2026-10-03,median_asking_price_sale,320900,389,False
1304,Gondomar,Porto,2026-10-03,median_days_on_market,80,484,False
1304,Gondomar,Porto,2026-10-03,median_rent_eur_m2,,9,True
1304,Gondomar,Porto,2026-10-03,median_rent_month,,9,True
1304,Gondomar,Porto,2026-10-03,price_reduced_share_pct,18.4,484,False
1304,Gondomar,Porto,2026-10-03,short_term_rental_registrations,174,,False
1304,Gondomar,Porto,2026-10-03,top_agency_share_pct,9.0,565,False
1305,Lousada,Porto,2026-10-03,agencies,26,213,False
1305,Lousada,Porto,2026-10-03,asking_vs_transaction_pct,102.5,103,False
1305,Lousada,Porto,2026-10-03,gross_rental_yield_pct,,0,True
1305,Lousada,Porto,2026-10-03,ine_transaction_eur_m2,1348,,False
1305,Lousada,Porto,2026-10-03,listings_rent,1,1,False
1305,Lousada,Porto,2026-10-03,listings_sale,212,212,False
1305,Lousada,Porto,2026-10-03,median_asking_eur_m2_sale,2730,103,False
1305,Lousada,Porto,2026-10-03,median_asking_price_sale,300000,103,False
1305,Lousada,Porto,2026-10-03,median_days_on_market,209,207,False
1305,Lousada,Porto,2026-10-03,median_rent_eur_m2,,0,True
1305,Lousada,Porto,2026-10-03,median_rent_month,,0,True
1305,Lousada,Porto,2026-10-03,price_reduced_share_pct,17.2,204,False
1305,Lousada,Porto,2026-10-03,short_term_rental_registrations,30,,False
1305,Lousada,Porto,2026-10-03,top_agency_share_pct,22.5,213,False
1306,Maia,Porto,2026-10-03,agencies,54,549,False
1306,Maia,Porto,2026-10-03,asking_vs_transaction_pct,35.0,386,False
1306,Maia,Porto,2026-10-03,gross_rental_yield_pct,,19,True
1306,Maia,Porto,2026-10-03,ine_transaction_eur_m2,2462,,False
1306,Maia,Porto,2026-10-03,listings_rent,34,34,False
1306,Maia,Porto,2026-10-03,listings_sale,515,515,False
1306,Maia,Porto,2026-10-03,median_asking_eur_m2_sale,3323,386,False
1306,Maia,Porto,2026-10-03,median_asking_price_sale,350000,386,False
1306,Maia,Porto,2026-10-03,median_days_on_market,64,488,False
1306,Maia,Porto,2026-10-03,median_rent_eur_m2,,19,True
1306,Maia,Porto,2026-10-03,median_rent_month,,19,True
1306,Maia,Porto,2026-10-03,price_reduced_share_pct,16.8,487,False
1306,Maia,Porto,2026-10-03,short_term_rental_registrations,53,,False
1306,Maia,Porto,2026-10-03,top_agency_share_pct,16.9,549,False
1307,Marco de Canaveses,Porto,2026-10-03,agencies,30,266,False
1307,Marco de Canaveses,Porto,2026-10-03,asking_vs_transaction_pct,34.1,96,False
1307,Marco de Canaveses,Porto,2026-10-03,gross_rental_yield_pct,,2,True
1307,Marco de Canaveses,Porto,2026-10-03,ine_transaction_eur_m2,1366,,False
1307,Marco de Canaveses,Porto,2026-10-03,listings_rent,5,5,False
1307,Marco de Canaveses,Porto,2026-10-03,listings_sale,261,261,False
1307,Marco de Canaveses,Porto,2026-10-03,median_asking_eur_m2_sale,1832,96,False
1307,Marco de Canaveses,Porto,2026-10-03,median_asking_price_sale,207500,96,False
1307,Marco de Canaveses,Porto,2026-10-03,median_days_on_market,330,259,False
1307,Marco de Canaveses,Porto,2026-10-03,median_rent_eur_m2,,2,True
1307,Marco de Canaveses,Porto,2026-10-03,median_rent_month,,2,True
1307,Marco de Canaveses,Porto,2026-10-03,price_reduced_share_pct,20.2,258,False
1307,Marco de Canaveses,Porto,2026-10-03,short_term_rental_registrations,264,,False
1307,Marco de Canaveses,Porto,2026-10-03,top_agency_share_pct,50.0,266,False
1308,Matosinhos,Porto,2026-10-03,agencies,64,737,False
1308,Matosinhos,Porto,2026-10-03,asking_vs_transaction_pct,56.3,539,False
1308,Matosinhos,Porto,2026-10-03,gross_rental_yield_pct,4.2,51,False
1308,Matosinhos,Porto,2026-10-03,ine_transaction_eur_m2,3058,,False
1308,Matosinhos,Porto,2026-10-03,listings_rent,65,65,False
1308,Matosinhos,Porto,2026-10-03,listings_sale,672,672,False
1308,Matosinhos,Porto,2026-10-03,median_asking_eur_m2_sale,4780,539,False
1308,Matosinhos,Porto,2026-10-03,median_asking_price_sale,399500,539,False
1308,Matosinhos,Porto,2026-10-03,median_days_on_market,105,551,False
1308,Matosinhos,Porto,2026-10-03,median_rent_eur_m2,16.9,51,False
1308,Matosinhos,Porto,2026-10-03,median_rent_month,1200,51,False
1308,Matosinhos,Porto,2026-10-03,price_reduced_share_pct,26.1,551,False
1308,Matosinhos,Porto,2026-10-03,short_term_rental_registrations,654,,False
1308,Matosinhos,Porto,2026-10-03,top_agency_share_pct,21.0,737,False
1309,Paços de Ferreira,Porto,2026-10-03,agencies,32,308,False
1309,Paços de Ferreira,Porto,2026-10-03,asking_vs_transaction_pct,80.4,211,False
1309,Paços de Ferreira,Porto,2026-10-03,gross_rental_yield_pct,,2,True
1309,Paços de Ferreira,Porto,2026-10-03,ine_transaction_eur_m2,1472,,False
1309,Paços de Ferreira,Porto,2026-10-03,listings_rent,11,11,False
1309,Paços de Ferreira,Porto,2026-10-03,listings_sale,297,297,False
1309,Paços de Ferreira,Porto,2026-10-03,median_asking_eur_m2_sale,2655,211,False
1309,Paços de Ferreira,Porto,2026-10-03,median_asking_price_sale,260000,211,False
1309,Paços de Ferreira,Porto,2026-10-03,median_days_on_market,143,290,False
1309,Paços de Ferreira,Porto,2026-10-03,median_rent_eur_m2,,2,True
1309,Paços de Ferreira,Porto,2026-10-03,median_rent_month,,2,True
1309,Paços de Ferreira,Porto,2026-10-03,price_reduced_share_pct,10.3,290,False
1309,Paços de Ferreira,Porto,2026-10-03,short_term_rental_registrations,33,,False
1309,Paços de Ferreira,Porto,2026-10-03,top_agency_share_pct,44.2,308,False
1310,Paredes,Porto,2026-10-03,agencies,43,283,False
1310,Paredes,Porto,2026-10-03,asking_vs_transaction_pct,54.0,103,False
1310,Paredes,Porto,2026-10-03,gross_rental_yield_pct,,2,True
1310,Paredes,Porto,2026-10-03,ine_transaction_eur_m2,1643,,False
1310,Paredes,Porto,2026-10-03,listings_rent,44,44,False
1310,Paredes,Porto,2026-10-03,listings_sale,239,239,False
1310,Paredes,Porto,2026-10-03,median_asking_eur_m2_sale,2531,103,False
1310,Paredes,Porto,2026-10-03,median_asking_price_sale,295000,103,False
1310,Paredes,Porto,2026-10-03,median_days_on_market,202,268,False
1310,Paredes,Porto,2026-10-03,median_rent_eur_m2,,2,True
1310,Paredes,Porto,2026-10-03,median_rent_month,,6,True
1310,Paredes,Porto,2026-10-03,price_reduced_share_pct,16.8,268,False
1310,Paredes,Porto,2026-10-03,short_term_rental_registrations,50,,False
1310,Paredes,Porto,2026-10-03,top_agency_share_pct,24.7,283,False
1311,Penafiel,Porto,2026-10-03,agencies,31,211,False
1311,Penafiel,Porto,2026-10-03,asking_vs_transaction_pct,51.2,112,False
1311,Penafiel,Porto,2026-10-03,gross_rental_yield_pct,,5,True
1311,Penafiel,Porto,2026-10-03,ine_transaction_eur_m2,1455,,False
1311,Penafiel,Porto,2026-10-03,listings_rent,8,8,False
1311,Penafiel,Porto,2026-10-03,listings_sale,203,203,False
1311,Penafiel,Porto,2026-10-03,median_asking_eur_m2_sale,2200,112,False
1311,Penafiel,Porto,2026-10-03,median_asking_price_sale,268600,113,False
1311,Penafiel,Porto,2026-10-03,median_days_on_market,117,201,False
1311,Penafiel,Porto,2026-10-03,median_rent_eur_m2,,5,True
1311,Penafiel,Porto,2026-10-03,median_rent_month,,5,True
1311,Penafiel,Porto,2026-10-03,price_reduced_share_pct,18.0,200,False
1311,Penafiel,Porto,2026-10-03,short_term_rental_registrations,114,,False
1311,Penafiel,Porto,2026-10-03,top_agency_share_pct,25.6,211,False
1312,Porto,Porto,2026-10-03,agencies,103,2133,False
1312,Porto,Porto,2026-10-03,asking_vs_transaction_pct,53.9,1589,False
1312,Porto,Porto,2026-10-03,gross_rental_yield_pct,3.8,136,False
1312,Porto,Porto,2026-10-03,ine_transaction_eur_m2,3510,,False
1312,Porto,Porto,2026-10-03,listings_rent,200,200,False
1312,Porto,Porto,2026-10-03,listings_sale,1933,1933,False
1312,Porto,Porto,2026-10-03,median_asking_eur_m2_sale,5403,1589,False
1312,Porto,Porto,2026-10-03,median_asking_price_sale,395000,1590,False
1312,Porto,Porto,2026-10-03,median_days_on_market,136,1603,False
1312,Porto,Porto,2026-10-03,median_rent_eur_m2,17.1,136,False
1312,Porto,Porto,2026-10-03,median_rent_month,1270,136,False
1312,Porto,Porto,2026-10-03,price_reduced_share_pct,16.6,1595,False
1312,Porto,Porto,2026-10-03,short_term_rental_registrations,9920,,False
1312,Porto,Porto,2026-10-03,top_agency_share_pct,16.4,2133,False
1313,Póvoa de Varzim,Porto,2026-10-03,agencies,28,114,False
1313,Póvoa de Varzim,Porto,2026-10-03,asking_vs_transaction_pct,36.0,76,False
1313,Póvoa de Varzim,Porto,2026-10-03,gross_rental_yield_pct,,2,True
1313,Póvoa de Varzim,Porto,2026-10-03,ine_transaction_eur_m2,2345,,False
1313,Póvoa de Varzim,Porto,2026-10-03,listings_rent,3,3,False
1313,Póvoa de Varzim,Porto,2026-10-03,listings_sale,111,111,False
1313,Póvoa de Varzim,Porto,2026-10-03,median_asking_eur_m2_sale,3189,76,False
1313,Póvoa de Varzim,Porto,2026-10-03,median_asking_price_sale,385000,76,False
1313,Póvoa de Varzim,Porto,2026-10-03,median_days_on_market,107,101,False
1313,Póvoa de Varzim,Porto,2026-10-03,median_rent_eur_m2,,2,True
1313,Póvoa de Varzim,Porto,2026-10-03,median_rent_month,,2,True
1313,Póvoa de Varzim,Porto,2026-10-03,price_reduced_share_pct,15.6,90,False
1313,Póvoa de Varzim,Porto,2026-10-03,short_term_rental_registrations,341,,False
1313,Póvoa de Varzim,Porto,2026-10-03,top_agency_share_pct,33.3,114,False
1314,Santo Tirso,Porto,2026-10-03,agencies,39,220,False
1314,Santo Tirso,Porto,2026-10-03,asking_vs_transaction_pct,39.4,92,False
1314,Santo Tirso,Porto,2026-10-03,gross_rental_yield_pct,,0,True
1314,Santo Tirso,Porto,2026-10-03,ine_transaction_eur_m2,1700,,False
1314,Santo Tirso,Porto,2026-10-03,listings_rent,6,6,False
1314,Santo Tirso,Porto,2026-10-03,listings_sale,214,214,False
1314,Santo Tirso,Porto,2026-10-03,median_asking_eur_m2_sale,2369,92,False
1314,Santo Tirso,Porto,2026-10-03,median_asking_price_sale,347025,92,False
1314,Santo Tirso,Porto,2026-10-03,median_days_on_market,163,201,False
1314,Santo Tirso,Porto,2026-10-03,median_rent_eur_m2,,0,True
1314,Santo Tirso,Porto,2026-10-03,median_rent_month,,0,True
1314,Santo Tirso,Porto,2026-10-03,price_reduced_share_pct,22.5,200,False
1314,Santo Tirso,Porto,2026-10-03,short_term_rental_registrations,44,,False
1314,Santo Tirso,Porto,2026-10-03,top_agency_share_pct,21.8,220,False
1315,Valongo,Porto,2026-10-03,agencies,49,217,False
1315,Valongo,Porto,2026-10-03,asking_vs_transaction_pct,29.3,161,False
1315,Valongo,Porto,2026-10-03,gross_rental_yield_pct,,8,True
1315,Valongo,Porto,2026-10-03,ine_transaction_eur_m2,2204,,False
1315,Valongo,Porto,2026-10-03,listings_rent,10,10,False
1315,Valongo,Porto,2026-10-03,listings_sale,207,207,False
1315,Valongo,Porto,2026-10-03,median_asking_eur_m2_sale,2849,161,False
1315,Valongo,Porto,2026-10-03,median_asking_price_sale,320000,161,False
1315,Valongo,Porto,2026-10-03,median_days_on_market,80,197,False
1315,Valongo,Porto,2026-10-03,median_rent_eur_m2,,8,True
1315,Valongo,Porto,2026-10-03,median_rent_month,,8,True
1315,Valongo,Porto,2026-10-03,price_reduced_share_pct,14.2,197,False
1315,Valongo,Porto,2026-10-03,short_term_rental_registrations,36,,False
1315,Valongo,Porto,2026-10-03,top_agency_share_pct,9.2,217,False
1316,Vila do Conde,Porto,2026-10-03,agencies,42,168,False
1316,Vila do Conde,Porto,2026-10-03,asking_vs_transaction_pct,36.6,105,False
1316,Vila do Conde,Porto,2026-10-03,gross_rental_yield_pct,,4,True
1316,Vila do Conde,Porto,2026-10-03,ine_transaction_eur_m2,2262,,False
1316,Vila do Conde,Porto,2026-10-03,listings_rent,11,11,False
1316,Vila do Conde,Porto,2026-10-03,listings_sale,157,157,False
1316,Vila do Conde,Porto,2026-10-03,median_asking_eur_m2_sale,3091,105,False
1316,Vila do Conde,Porto,2026-10-03,median_asking_price_sale,410000,105,False
1316,Vila do Conde,Porto,2026-10-03,median_days_on_market,137,133,False
1316,Vila do Conde,Porto,2026-10-03,median_rent_eur_m2,,4,True
1316,Vila do Conde,Porto,2026-10-03,median_rent_month,,4,True
1316,Vila do Conde,Porto,2026-10-03,price_reduced_share_pct,18.2,132,False
1316,Vila do Conde,Porto,2026-10-03,short_term_rental_registrations,440,,False
1316,Vila do Conde,Porto,2026-10-03,top_agency_share_pct,14.3,168,False
1317,Vila Nova de Gaia,Porto,2026-10-03,agencies,82,1698,False
1317,Vila Nova de Gaia,Porto,2026-10-03,asking_vs_transaction_pct,57.2,1234,False
1317,Vila Nova de Gaia,Porto,2026-10-03,gross_rental_yield_pct,4.3,77,False
1317,Vila Nova de Gaia,Porto,2026-10-03,ine_transaction_eur_m2,2583,,False
1317,Vila Nova de Gaia,Porto,2026-10-03,listings_rent,97,97,False
1317,Vila Nova de Gaia,Porto,2026-10-03,listings_sale,1601,1601,False
1317,Vila Nova de Gaia,Porto,2026-10-03,median_asking_eur_m2_sale,4060,1234,False
1317,Vila Nova de Gaia,Porto,2026-10-03,median_asking_price_sale,368000,1235,False
1317,Vila Nova de Gaia,Porto,2026-10-03,median_days_on_market,93,1312,False
1317,Vila Nova de Gaia,Porto,2026-10-03,median_rent_eur_m2,14.7,77,False
1317,Vila Nova de Gaia,Porto,2026-10-03,median_rent_month,1200,77,False
1317,Vila Nova de Gaia,Porto,2026-10-03,price_reduced_share_pct,15.0,1310,False
1317,Vila Nova de Gaia,Porto,2026-10-03,short_term_rental_registrations,1715,,False
1317,Vila Nova de Gaia,Porto,2026-10-03,top_agency_share_pct,11.8,1698,False
1318,Trofa,Porto,2026-10-03,agencies,29,186,False
1318,Trofa,Porto,2026-10-03,asking_vs_transaction_pct,67.1,95,False
1318,Trofa,Porto,2026-10-03,gross_rental_yield_pct,,1,True
1318,Trofa,Porto,2026-10-03,ine_transaction_eur_m2,1847,,False
1318,Trofa,Porto,2026-10-03,listings_rent,2,2,False
1318,Trofa,Porto,2026-10-03,listings_sale,184,184,False
1318,Trofa,Porto,2026-10-03,median_asking_eur_m2_sale,3086,95,False
1318,Trofa,Porto,2026-10-03,median_asking_price_sale,370000,95,False
1318,Trofa,Porto,2026-10-03,median_days_on_market,48,177,False
1318,Trofa,Porto,2026-10-03,median_rent_eur_m2,,1,True
1318,Trofa,Porto,2026-10-03,median_rent_month,,1,True
1318,Trofa,Porto,2026-10-03,price_reduced_share_pct,13.0,146,False
1318,Trofa,Porto,2026-10-03,short_term_rental_registrations,24,,False
1318,Trofa,Porto,2026-10-03,top_agency_share_pct,31.7,186,False
1401,Abrantes,Santarém,2026-10-03,agencies,40,324,False
1401,Abrantes,Santarém,2026-10-03,asking_vs_transaction_pct,53.8,117,False
1401,Abrantes,Santarém,2026-10-03,gross_rental_yield_pct,,2,True
1401,Abrantes,Santarém,2026-10-03,ine_transaction_eur_m2,975,,False
1401,Abrantes,Santarém,2026-10-03,listings_rent,10,10,False
1401,Abrantes,Santarém,2026-10-03,listings_sale,314,314,False
1401,Abrantes,Santarém,2026-10-03,median_asking_eur_m2_sale,1500,117,False
1401,Abrantes,Santarém,2026-10-03,median_asking_price_sale,135000,117,False
1401,Abrantes,Santarém,2026-10-03,median_days_on_market,236,302,False
1401,Abrantes,Santarém,2026-10-03,median_rent_eur_m2,,2,True
1401,Abrantes,Santarém,2026-10-03,median_rent_month,,2,True
1401,Abrantes,Santarém,2026-10-03,price_reduced_share_pct,29.9,301,False
1401,Abrantes,Santarém,2026-10-03,short_term_rental_registrations,121,,False
1401,Abrantes,Santarém,2026-10-03,top_agency_share_pct,50.9,324,False
1402,Alcanena,Santarém,2026-10-03,agencies,19,68,False
1402,Alcanena,Santarém,2026-10-03,asking_vs_transaction_pct,,19,True
1402,Alcanena,Santarém,2026-10-03,gross_rental_yield_pct,,0,True
1402,Alcanena,Santarém,2026-10-03,ine_transaction_eur_m2,779,,False
1402,Alcanena,Santarém,2026-10-03,listings_rent,7,7,False
1402,Alcanena,Santarém,2026-10-03,listings_sale,61,61,False
1402,Alcanena,Santarém,2026-10-03,median_asking_eur_m2_sale,,19,True
1402,Alcanena,Santarém,2026-10-03,median_asking_price_sale,,19,True
1402,Alcanena,Santarém,2026-10-03,median_days_on_market,382,63,False
1402,Alcanena,Santarém,2026-10-03,median_rent_eur_m2,,0,True
1402,Alcanena,Santarém,2026-10-03,median_rent_month,,0,True
1402,Alcanena,Santarém,2026-10-03,price_reduced_share_pct,28.6,63,False
1402,Alcanena,Santarém,2026-10-03,short_term_rental_registrations,19,,False
1402,Alcanena,Santarém,2026-10-03,top_agency_share_pct,55.9,68,False
1403,Almeirim,Santarém,2026-10-03,agencies,24,77,False
1403,Almeirim,Santarém,2026-10-03,asking_vs_transaction_pct,47.2,35,False
1403,Almeirim,Santarém,2026-10-03,gross_rental_yield_pct,,2,True
1403,Almeirim,Santarém,2026-10-03,ine_transaction_eur_m2,1522,,False
1403,Almeirim,Santarém,2026-10-03,listings_rent,4,4,False
1403,Almeirim,Santarém,2026-10-03,listings_sale,73,73,False
1403,Almeirim,Santarém,2026-10-03,median_asking_eur_m2_sale,2241,35,False
1403,Almeirim,Santarém,2026-10-03,median_asking_price_sale,260000,35,False
1403,Almeirim,Santarém,2026-10-03,median_days_on_market,175,57,False
1403,Almeirim,Santarém,2026-10-03,median_rent_eur_m2,,2,True
1403,Almeirim,Santarém,2026-10-03,median_rent_month,,2,True
1403,Almeirim,Santarém,2026-10-03,price_reduced_share_pct,15.8,57,False
1403,Almeirim,Santarém,2026-10-03,short_term_rental_registrations,25,,False
1403,Almeirim,Santarém,2026-10-03,top_agency_share_pct,28.6,77,False
1404,Alpiarça,Santarém,2026-10-03,agencies,17,40,False
1404,Alpiarça,Santarém,2026-10-03,asking_vs_transaction_pct,,18,True
1404,Alpiarça,Santarém,2026-10-03,gross_rental_yield_pct,,1,True
1404,Alpiarça,Santarém,2026-10-03,ine_transaction_eur_m2,1291,,False
1404,Alpiarça,Santarém,2026-10-03,listings_rent,1,1,False
1404,Alpiarça,Santarém,2026-10-03,listings_sale,39,39,False
1404,Alpiarça,Santarém,2026-10-03,median_asking_eur_m2_sale,,18,True
1404,Alpiarça,Santarém,2026-10-03,median_asking_price_sale,,18,True
1404,Alpiarça,Santarém,2026-10-03,median_days_on_market,369,33,False
1404,Alpiarça,Santarém,2026-10-03,median_rent_eur_m2,,1,True
1404,Alpiarça,Santarém,2026-10-03,median_rent_month,,1,True
1404,Alpiarça,Santarém,2026-10-03,price_reduced_share_pct,21.2,33,False
1404,Alpiarça,Santarém,2026-10-03,short_term_rental_registrations,19,,False
1404,Alpiarça,Santarém,2026-10-03,top_agency_share_pct,37.5,40,False
1405,Benavente,Santarém,2026-10-03,agencies,43,135,False
1405,Benavente,Santarém,2026-10-03,asking_vs_transaction_pct,59.5,59,False
1405,Benavente,Santarém,2026-10-03,gross_rental_yield_pct,,3,True
1405,Benavente,Santarém,2026-10-03,ine_transaction_eur_m2,2063,,False
1405,Benavente,Santarém,2026-10-03,listings_rent,7,7,False
1405,Benavente,Santarém,2026-10-03,listings_sale,128,128,False
1405,Benavente,Santarém,2026-10-03,median_asking_eur_m2_sale,3291,59,False
1405,Benavente,Santarém,2026-10-03,median_asking_price_sale,450000,59,False
1405,Benavente,Santarém,2026-10-03,median_days_on_market,162,113,False
1405,Benavente,Santarém,2026-10-03,median_rent_eur_m2,,3,True
1405,Benavente,Santarém,2026-10-03,median_rent_month,,3,True
1405,Benavente,Santarém,2026-10-03,price_reduced_share_pct,19.5,113,False
1405,Benavente,Santarém,2026-10-03,short_term_rental_registrations,29,,False
1405,Benavente,Santarém,2026-10-03,top_agency_share_pct,20.7,135,False
1406,Cartaxo,Santarém,2026-10-03,agencies,34,153,False
1406,Cartaxo,Santarém,2026-10-03,asking_vs_transaction_pct,29.4,72,False
1406,Cartaxo,Santarém,2026-10-03,gross_rental_yield_pct,,1,True
1406,Cartaxo,Santarém,2026-10-03,ine_transaction_eur_m2,1553,,False
1406,Cartaxo,Santarém,2026-10-03,listings_rent,9,9,False
1406,Cartaxo,Santarém,2026-10-03,listings_sale,144,144,False
1406,Cartaxo,Santarém,2026-10-03,median_asking_eur_m2_sale,2010,72,False
1406,Cartaxo,Santarém,2026-10-03,median_asking_price_sale,275000,72,False
1406,Cartaxo,Santarém,2026-10-03,median_days_on_market,138,135,False
1406,Cartaxo,Santarém,2026-10-03,median_rent_eur_m2,,1,True
1406,Cartaxo,Santarém,2026-10-03,median_rent_month,,1,True
1406,Cartaxo,Santarém,2026-10-03,price_reduced_share_pct,26.7,135,False
1406,Cartaxo,Santarém,2026-10-03,short_term_rental_registrations,56,,False
1406,Cartaxo,Santarém,2026-10-03,top_agency_share_pct,28.8,153,False
1407,Chamusca,Santarém,2026-10-03,agencies,17,64,False
1407,Chamusca,Santarém,2026-10-03,asking_vs_transaction_pct,,22,True
1407,Chamusca,Santarém,2026-10-03,gross_rental_yield_pct,,1,True
1407,Chamusca,Santarém,2026-10-03,ine_transaction_eur_m2,909,,False
1407,Chamusca,Santarém,2026-10-03,listings_rent,2,2,False
1407,Chamusca,Santarém,2026-10-03,listings_sale,62,62,False
1407,Chamusca,Santarém,2026-10-03,median_asking_eur_m2_sale,,22,True
1407,Chamusca,Santarém,2026-10-03,median_asking_price_sale,,22,True
1407,Chamusca,Santarém,2026-10-03,median_days_on_market,179,40,False
1407,Chamusca,Santarém,2026-10-03,median_rent_eur_m2,,1,True
1407,Chamusca,Santarém,2026-10-03,median_rent_month,,1,True
1407,Chamusca,Santarém,2026-10-03,price_reduced_share_pct,15.0,40,False
1407,Chamusca,Santarém,2026-10-03,short_term_rental_registrations,23,,False
1407,Chamusca,Santarém,2026-10-03,top_agency_share_pct,25.0,64,False
1408,Constância,Santarém,2026-10-03,agencies,8,80,False
1408,Constância,Santarém,2026-10-03,asking_vs_transaction_pct,,26,True
1408,Constância,Santarém,2026-10-03,gross_rental_yield_pct,,1,True
1408,Constância,Santarém,2026-10-03,ine_transaction_eur_m2,1032,,False
1408,Constância,Santarém,2026-10-03,listings_rent,1,1,False
1408,Constância,Santarém,2026-10-03,listings_sale,79,79,False
1408,Constância,Santarém,2026-10-03,median_asking_eur_m2_sale,,26,True
1408,Constância,Santarém,2026-10-03,median_asking_price_sale,,26,True
1408,Constância,Santarém,2026-10-03,median_days_on_market,213,68,False
1408,Constância,Santarém,2026-10-03,median_rent_eur_m2,,1,True
1408,Constância,Santarém,2026-10-03,median_rent_month,,1,True
1408,Constância,Santarém,2026-10-03,price_reduced_share_pct,4.4,68,False
1408,Constância,Santarém,2026-10-03,short_term_rental_registrations,30,,False
1408,Constância,Santarém,2026-10-03,top_agency_share_pct,76.2,80,False
1409,Coruche,Santarém,2026-10-03,agencies,34,142,False
1409,Coruche,Santarém,2026-10-03,asking_vs_transaction_pct,53.4,36,False
1409,Coruche,Santarém,2026-10-03,gross_rental_yield_pct,,0,True
1409,Coruche,Santarém,2026-10-03,ine_transaction_eur_m2,1383,,False
1409,Coruche,Santarém,2026-10-03,listings_rent,4,4,False
1409,Coruche,Santarém,2026-10-03,listings_sale,138,138,False
1409,Coruche,Santarém,2026-10-03,median_asking_eur_m2_sale,2121,36,False
1409,Coruche,Santarém,2026-10-03,median_asking_price_sale,245000,36,False
1409,Coruche,Santarém,2026-10-03,median_days_on_market,206,113,False
1409,Coruche,Santarém,2026-10-03,median_rent_eur_m2,,0,True
1409,Coruche,Santarém,2026-10-03,median_rent_month,,0,True
1409,Coruche,Santarém,2026-10-03,price_reduced_share_pct,19.6,112,False
1409,Coruche,Santarém,2026-10-03,short_term_rental_registrations,53,,False
1409,Coruche,Santarém,2026-10-03,top_agency_share_pct,33.8,142,False
1410,Entroncamento,Santarém,2026-10-03,agencies,28,219,False
1410,Entroncamento,Santarém,2026-10-03,asking_vs_transaction_pct,63.5,142,False
1410,Entroncamento,Santarém,2026-10-03,gross_rental_yield_pct,,2,True
1410,Entroncamento,Santarém,2026-10-03,ine_transaction_eur_m2,1646,,False
1410,Entroncamento,Santarém,2026-10-03,listings_rent,11,11,False
1410,Entroncamento,Santarém,2026-10-03,listings_sale,208,208,False
1410,Entroncamento,Santarém,2026-10-03,median_asking_eur_m2_sale,2691,142,False
1410,Entroncamento,Santarém,2026-10-03,median_asking_price_sale,310000,142,False
1410,Entroncamento,Santarém,2026-10-03,median_days_on_market,123,183,False
1410,Entroncamento,Santarém,2026-10-03,median_rent_eur_m2,,2,True
1410,Entroncamento,Santarém,2026-10-03,median_rent_month,,2,True
1410,Entroncamento,Santarém,2026-10-03,price_reduced_share_pct,19.8,172,False
1410,Entroncamento,Santarém,2026-10-03,short_term_rental_registrations,5,,False
1410,Entroncamento,Santarém,2026-10-03,top_agency_share_pct,31.5,219,False
1411,Ferreira do Zêzere,Santarém,2026-10-03,agencies,32,137,False
1411,Ferreira do Zêzere,Santarém,2026-10-03,asking_vs_transaction_pct,113.8,53,False
1411,Ferreira do Zêzere,Santarém,2026-10-03,gross_rental_yield_pct,,0,True
1411,Ferreira do Zêzere,Santarém,2026-10-03,ine_transaction_eur_m2,883,,False
1411,Ferreira do Zêzere,Santarém,2026-10-03,listings_rent,1,1,False
1411,Ferreira do Zêzere,Santarém,2026-10-03,listings_sale,136,136,False
1411,Ferreira do Zêzere,Santarém,2026-10-03,median_asking_eur_m2_sale,1888,53,False
1411,Ferreira do Zêzere,Santarém,2026-10-03,median_asking_price_sale,160000,54,False
1411,Ferreira do Zêzere,Santarém,2026-10-03,median_days_on_market,168,131,False
1411,Ferreira do Zêzere,Santarém,2026-10-03,median_rent_eur_m2,,0,True
1411,Ferreira do Zêzere,Santarém,2026-10-03,median_rent_month,,0,True
1411,Ferreira do Zêzere,Santarém,2026-10-03,price_reduced_share_pct,19.8,131,False
1411,Ferreira do Zêzere,Santarém,2026-10-03,short_term_rental_registrations,99,,False
1411,Ferreira do Zêzere,Santarém,2026-10-03,top_agency_share_pct,36.5,137,False
1412,Golegã,Santarém,2026-10-03,agencies,11,15,False
1412,Golegã,Santarém,2026-10-03,asking_vs_transaction_pct,,11,True
1412,Golegã,Santarém,2026-10-03,gross_rental_yield_pct,,0,True
1412,Golegã,Santarém,2026-10-03,ine_transaction_eur_m2,1263,,False
1412,Golegã,Santarém,2026-10-03,listings_rent,0,0,False
1412,Golegã,Santarém,2026-10-03,listings_sale,15,15,False
1412,Golegã,Santarém,2026-10-03,median_asking_eur_m2_sale,,11,True
1412,Golegã,Santarém,2026-10-03,median_asking_price_sale,,11,True
1412,Golegã,Santarém,2026-10-03,median_days_on_market,,10,True
1412,Golegã,Santarém,2026-10-03,median_rent_eur_m2,,0,True
1412,Golegã,Santarém,2026-10-03,median_rent_month,,0,True
1412,Golegã,Santarém,2026-10-03,price_reduced_share_pct,,10,True
1412,Golegã,Santarém,2026-10-03,short_term_rental_registrations,43,,False
1413,Mação,Santarém,2026-10-03,agencies,22,83,False
1413,Mação,Santarém,2026-10-03,asking_vs_transaction_pct,72.6,36,False
1413,Mação,Santarém,2026-10-03,gross_rental_yield_pct,,0,True
1413,Mação,Santarém,2026-10-03,ine_transaction_eur_m2,372,,False
1413,Mação,Santarém,2026-10-03,listings_rent,0,0,False
1413,Mação,Santarém,2026-10-03,listings_sale,83,83,False
1413,Mação,Santarém,2026-10-03,median_asking_eur_m2_sale,642,36,False
1413,Mação,Santarém,2026-10-03,median_asking_price_sale,69750,36,False
1413,Mação,Santarém,2026-10-03,median_days_on_market,192,80,False
1413,Mação,Santarém,2026-10-03,median_rent_eur_m2,,0,True
1413,Mação,Santarém,2026-10-03,median_rent_month,,0,True
1413,Mação,Santarém,2026-10-03,price_reduced_share_pct,22.5,80,False
1413,Mação,Santarém,2026-10-03,short_term_rental_registrations,53,,False
1413,Mação,Santarém,2026-10-03,top_agency_share_pct,32.5,83,False
1414,Rio Maior,Santarém,2026-10-03,agencies,32,125,False
1414,Rio Maior,Santarém,2026-10-03,asking_vs_transaction_pct,38.1,68,False
1414,Rio Maior,Santarém,2026-10-03,gross_rental_yield_pct,,2,True
1414,Rio Maior,Santarém,2026-10-03,ine_transaction_eur_m2,1278,,False
1414,Rio Maior,Santarém,2026-10-03,listings_rent,2,2,False
1414,Rio Maior,Santarém,2026-10-03,listings_sale,123,123,False
1414,Rio Maior,Santarém,2026-10-03,median_asking_eur_m2_sale,1765,68,False
1414,Rio Maior,Santarém,2026-10-03,median_asking_price_sale,359500,68,False
1414,Rio Maior,Santarém,2026-10-03,median_days_on_market,200,96,False
1414,Rio Maior,Santarém,2026-10-03,median_rent_eur_m2,,2,True
1414,Rio Maior,Santarém,2026-10-03,median_rent_month,,2,True
1414,Rio Maior,Santarém,2026-10-03,price_reduced_share_pct,27.1,96,False
1414,Rio Maior,Santarém,2026-10-03,short_term_rental_registrations,66,,False
1414,Rio Maior,Santarém,2026-10-03,top_agency_share_pct,43.2,125,False
1415,Salvaterra de Magos,Santarém,2026-10-03,agencies,27,68,False
1415,Salvaterra de Magos,Santarém,2026-10-03,asking_vs_transaction_pct,47.0,39,False
1415,Salvaterra de Magos,Santarém,2026-10-03,gross_rental_yield_pct,,2,True
1415,Salvaterra de Magos,Santarém,2026-10-03,ine_transaction_eur_m2,1787,,False
1415,Salvaterra de Magos,Santarém,2026-10-03,listings_rent,3,3,False
1415,Salvaterra de Magos,Santarém,2026-10-03,listings_sale,65,65,False
1415,Salvaterra de Magos,Santarém,2026-10-03,median_asking_eur_m2_sale,2626,39,False
1415,Salvaterra de Magos,Santarém,2026-10-03,median_asking_price_sale,325000,39,False
1415,Salvaterra de Magos,Santarém,2026-10-03,median_days_on_market,115,56,False
1415,Salvaterra de Magos,Santarém,2026-10-03,median_rent_eur_m2,,2,True
1415,Salvaterra de Magos,Santarém,2026-10-03,median_rent_month,,2,True
1415,Salvaterra de Magos,Santarém,2026-10-03,price_reduced_share_pct,21.4,56,False
1415,Salvaterra de Magos,Santarém,2026-10-03,short_term_rental_registrations,43,,False
1415,Salvaterra de Magos,Santarém,2026-10-03,top_agency_share_pct,16.2,68,False
1416,Santarém,Santarém,2026-10-03,agencies,68,350,False
1416,Santarém,Santarém,2026-10-03,asking_vs_transaction_pct,63.1,189,False
1416,Santarém,Santarém,2026-10-03,gross_rental_yield_pct,,9,True
1416,Santarém,Santarém,2026-10-03,ine_transaction_eur_m2,1495,,False
1416,Santarém,Santarém,2026-10-03,listings_rent,11,11,False
1416,Santarém,Santarém,2026-10-03,listings_sale,340,340,False
1416,Santarém,Santarém,2026-10-03,median_asking_eur_m2_sale,2439,189,False
1416,Santarém,Santarém,2026-10-03,median_asking_price_sale,290000,189,False
1416,Santarém,Santarém,2026-10-03,median_days_on_market,160,235,False
1416,Santarém,Santarém,2026-10-03,median_rent_eur_m2,,9,True
1416,Santarém,Santarém,2026-10-03,median_rent_month,,9,True
1416,Santarém,Santarém,2026-10-03,price_reduced_share_pct,26.0,235,False
1416,Santarém,Santarém,2026-10-03,short_term_rental_registrations,153,,False
1416,Santarém,Santarém,2026-10-03,top_agency_share_pct,25.1,350,False
1417,Sardoal,Santarém,2026-10-03,agencies,11,51,False
1417,Sardoal,Santarém,2026-10-03,asking_vs_transaction_pct,,14,True
1417,Sardoal,Santarém,2026-10-03,gross_rental_yield_pct,,0,True
1417,Sardoal,Santarém,2026-10-03,ine_transaction_eur_m2,675,,False
1417,Sardoal,Santarém,2026-10-03,listings_rent,1,1,False
1417,Sardoal,Santarém,2026-10-03,listings_sale,50,50,False
1417,Sardoal,Santarém,2026-10-03,median_asking_eur_m2_sale,,14,True
1417,Sardoal,Santarém,2026-10-03,median_asking_price_sale,,14,True
1417,Sardoal,Santarém,2026-10-03,median_days_on_market,488,45,False
1417,Sardoal,Santarém,2026-10-03,median_rent_eur_m2,,0,True
1417,Sardoal,Santarém,2026-10-03,median_rent_month,,0,True
1417,Sardoal,Santarém,2026-10-03,price_reduced_share_pct,24.4,45,False
1417,Sardoal,Santarém,2026-10-03,short_term_rental_registrations,24,,False
1417,Sardoal,Santarém,2026-10-03,top_agency_share_pct,60.8,51,False
1418,Tomar,Santarém,2026-10-03,agencies,50,281,False
1418,Tomar,Santarém,2026-10-03,asking_vs_transaction_pct,58.4,98,False
1418,Tomar,Santarém,2026-10-03,gross_rental_yield_pct,,6,True
1418,Tomar,Santarém,2026-10-03,ine_transaction_eur_m2,1285,,False
1418,Tomar,Santarém,2026-10-03,listings_rent,11,11,False
1418,Tomar,Santarém,2026-10-03,listings_sale,270,270,False
1418,Tomar,Santarém,2026-10-03,median_asking_eur_m2_sale,2036,98,False
1418,Tomar,Santarém,2026-10-03,median_asking_price_sale,199500,99,False
1418,Tomar,Santarém,2026-10-03,median_days_on_market,254,264,False
1418,Tomar,Santarém,2026-10-03,median_rent_eur_m2,,6,True
1418,Tomar,Santarém,2026-10-03,median_rent_month,,6,True
1418,Tomar,Santarém,2026-10-03,price_reduced_share_pct,21.2,264,False
1418,Tomar,Santarém,2026-10-03,short_term_rental_registrations,275,,False
1418,Tomar,Santarém,2026-10-03,top_agency_share_pct,28.8,281,False
1419,Torres Novas,Santarém,2026-10-03,agencies,41,370,False
1419,Torres Novas,Santarém,2026-10-03,asking_vs_transaction_pct,29.6,99,False
1419,Torres Novas,Santarém,2026-10-03,gross_rental_yield_pct,,3,True
1419,Torres Novas,Santarém,2026-10-03,ine_transaction_eur_m2,1199,,False
1419,Torres Novas,Santarém,2026-10-03,listings_rent,11,11,False
1419,Torres Novas,Santarém,2026-10-03,listings_sale,359,359,False
1419,Torres Novas,Santarém,2026-10-03,median_asking_eur_m2_sale,1554,99,False
1419,Torres Novas,Santarém,2026-10-03,median_asking_price_sale,142000,99,False
1419,Torres Novas,Santarém,2026-10-03,median_days_on_market,276,352,False
1419,Torres Novas,Santarém,2026-10-03,median_rent_eur_m2,,3,True
1419,Torres Novas,Santarém,2026-10-03,median_rent_month,,3,True
1419,Torres Novas,Santarém,2026-10-03,price_reduced_share_pct,29.1,351,False
1419,Torres Novas,Santarém,2026-10-03,short_term_rental_registrations,46,,False
1419,Torres Novas,Santarém,2026-10-03,top_agency_share_pct,68.4,370,False
1420,Vila Nova da Barquinha,Santarém,2026-10-03,agencies,16,40,False
1420,Vila Nova da Barquinha,Santarém,2026-10-03,asking_vs_transaction_pct,,16,True
1420,Vila Nova da Barquinha,Santarém,2026-10-03,gross_rental_yield_pct,,2,True
1420,Vila Nova da Barquinha,Santarém,2026-10-03,ine_transaction_eur_m2,1415,,False
1420,Vila Nova da Barquinha,Santarém,2026-10-03,listings_rent,2,2,False
1420,Vila Nova da Barquinha,Santarém,2026-10-03,listings_sale,38,38,False
1420,Vila Nova da Barquinha,Santarém,2026-10-03,median_asking_eur_m2_sale,,16,True
1420,Vila Nova da Barquinha,Santarém,2026-10-03,median_asking_price_sale,,16,True
1420,Vila Nova da Barquinha,Santarém,2026-10-03,median_days_on_market,257,38,False
1420,Vila Nova da Barquinha,Santarém,2026-10-03,median_rent_eur_m2,,2,True
1420,Vila Nova da Barquinha,Santarém,2026-10-03,median_rent_month,,2,True
1420,Vila Nova da Barquinha,Santarém,2026-10-03,price_reduced_share_pct,23.7,38,False
1420,Vila Nova da Barquinha,Santarém,2026-10-03,short_term_rental_registrations,19,,False
1420,Vila Nova da Barquinha,Santarém,2026-10-03,top_agency_share_pct,27.5,40,False
1421,Ourém,Santarém,2026-10-03,agencies,28,128,False
1421,Ourém,Santarém,2026-10-03,asking_vs_transaction_pct,64.7,36,False
1421,Ourém,Santarém,2026-10-03,gross_rental_yield_pct,,2,True
1421,Ourém,Santarém,2026-10-03,ine_transaction_eur_m2,1348,,False
1421,Ourém,Santarém,2026-10-03,listings_rent,8,8,False
1421,Ourém,Santarém,2026-10-03,listings_sale,120,120,False
1421,Ourém,Santarém,2026-10-03,median_asking_eur_m2_sale,2220,36,False
1421,Ourém,Santarém,2026-10-03,median_asking_price_sale,327000,36,False
1421,Ourém,Santarém,2026-10-03,median_days_on_market,184,118,False
1421,Ourém,Santarém,2026-10-03,median_rent_eur_m2,,2,True
1421,Ourém,Santarém,2026-10-03,median_rent_month,,2,True
1421,Ourém,Santarém,2026-10-03,price_reduced_share_pct,17.8,118,False
1421,Ourém,Santarém,2026-10-03,short_term_rental_registrations,301,,False
1421,Ourém,Santarém,2026-10-03,top_agency_share_pct,40.6,128,False
1501,Alcácer do Sal,Setúbal,2026-10-03,agencies,31,128,False
1501,Alcácer do Sal,Setúbal,2026-10-03,asking_vs_transaction_pct,127.3,65,False
1501,Alcácer do Sal,Setúbal,2026-10-03,gross_rental_yield_pct,,4,True
1501,Alcácer do Sal,Setúbal,2026-10-03,ine_transaction_eur_m2,1932,,False
1501,Alcácer do Sal,Setúbal,2026-10-03,listings_rent,7,7,False
1501,Alcácer do Sal,Setúbal,2026-10-03,listings_sale,121,121,False
1501,Alcácer do Sal,Setúbal,2026-10-03,median_asking_eur_m2_sale,4392,65,False
1501,Alcácer do Sal,Setúbal,2026-10-03,median_asking_price_sale,465750,65,False
1501,Alcácer do Sal,Setúbal,2026-10-03,median_days_on_market,228,99,False
1501,Alcácer do Sal,Setúbal,2026-10-03,median_rent_eur_m2,,4,True
1501,Alcácer do Sal,Setúbal,2026-10-03,median_rent_month,,4,True
1501,Alcácer do Sal,Setúbal,2026-10-03,price_reduced_share_pct,21.2,99,False
1501,Alcácer do Sal,Setúbal,2026-10-03,short_term_rental_registrations,312,,False
1501,Alcácer do Sal,Setúbal,2026-10-03,top_agency_share_pct,30.5,128,False
1502,Alcochete,Setúbal,2026-10-03,agencies,40,132,False
1502,Alcochete,Setúbal,2026-10-03,asking_vs_transaction_pct,41.8,109,False
1502,Alcochete,Setúbal,2026-10-03,gross_rental_yield_pct,,10,True
1502,Alcochete,Setúbal,2026-10-03,ine_transaction_eur_m2,2883,,False
1502,Alcochete,Setúbal,2026-10-03,listings_rent,11,11,False
1502,Alcochete,Setúbal,2026-10-03,listings_sale,121,121,False
1502,Alcochete,Setúbal,2026-10-03,median_asking_eur_m2_sale,4089,109,False
1502,Alcochete,Setúbal,2026-10-03,median_asking_price_sale,757500,109,False
1502,Alcochete,Setúbal,2026-10-03,median_days_on_market,137,88,False
1502,Alcochete,Setúbal,2026-10-03,median_rent_eur_m2,,10,True
1502,Alcochete,Setúbal,2026-10-03,median_rent_month,,10,True
1502,Alcochete,Setúbal,2026-10-03,price_reduced_share_pct,23.9,88,False
1502,Alcochete,Setúbal,2026-10-03,short_term_rental_registrations,64,,False
1502,Alcochete,Setúbal,2026-10-03,top_agency_share_pct,11.4,132,False
1503,Almada,Setúbal,2026-10-03,agencies,128,1024,False
1503,Almada,Setúbal,2026-10-03,asking_vs_transaction_pct,40.4,725,False
1503,Almada,Setúbal,2026-10-03,gross_rental_yield_pct,4.5,71,False
1503,Almada,Setúbal,2026-10-03,ine_transaction_eur_m2,3267,,False
1503,Almada,Setúbal,2026-10-03,listings_rent,101,101,False
1503,Almada,Setúbal,2026-10-03,listings_sale,924,924,False
1503,Almada,Setúbal,2026-10-03,median_asking_eur_m2_sale,4588,725,False
1503,Almada,Setúbal,2026-10-03,median_asking_price_sale,421000,727,False
1503,Almada,Setúbal,2026-10-03,median_days_on_market,63,717,False
1503,Almada,Setúbal,2026-10-03,median_rent_eur_m2,17.1,71,False
1503,Almada,Setúbal,2026-10-03,median_rent_month,1225,72,False
1503,Almada,Setúbal,2026-10-03,price_reduced_share_pct,18.9,716,False
1503,Almada,Setúbal,2026-10-03,short_term_rental_registrations,1809,,False
1503,Almada,Setúbal,2026-10-03,top_agency_share_pct,12.8,1024,False
1504,Barreiro,Setúbal,2026-10-03,agencies,83,399,False
1504,Barreiro,Setúbal,2026-10-03,asking_vs_transaction_pct,37.5,284,False
1504,Barreiro,Setúbal,2026-10-03,gross_rental_yield_pct,,13,True
1504,Barreiro,Setúbal,2026-10-03,ine_transaction_eur_m2,2705,,False
1504,Barreiro,Setúbal,2026-10-03,listings_rent,23,23,False
1504,Barreiro,Setúbal,2026-10-03,listings_sale,376,376,False
1504,Barreiro,Setúbal,2026-10-03,median_asking_eur_m2_sale,3720,284,False
1504,Barreiro,Setúbal,2026-10-03,median_asking_price_sale,299000,285,False
1504,Barreiro,Setúbal,2026-10-03,median_days_on_market,80,307,False
1504,Barreiro,Setúbal,2026-10-03,median_rent_eur_m2,,13,True
1504,Barreiro,Setúbal,2026-10-03,median_rent_month,,13,True
1504,Barreiro,Setúbal,2026-10-03,price_reduced_share_pct,27.0,307,False
1504,Barreiro,Setúbal,2026-10-03,short_term_rental_registrations,110,,False
1504,Barreiro,Setúbal,2026-10-03,top_agency_share_pct,13.0,399,False
1505,Grândola,Setúbal,2026-10-03,agencies,50,239,False
1505,Grândola,Setúbal,2026-10-03,asking_vs_transaction_pct,116.5,117,False
1505,Grândola,Setúbal,2026-10-03,gross_rental_yield_pct,,2,True
1505,Grândola,Setúbal,2026-10-03,ine_transaction_eur_m2,2533,,False
1505,Grândola,Setúbal,2026-10-03,listings_rent,3,3,False
1505,Grândola,Setúbal,2026-10-03,listings_sale,236,236,False
1505,Grândola,Setúbal,2026-10-03,median_asking_eur_m2_sale,5484,117,False
1505,Grândola,Setúbal,2026-10-03,median_asking_price_sale,559000,118,False
1505,Grândola,Setúbal,2026-10-03,median_days_on_market,160,156,False
1505,Grândola,Setúbal,2026-10-03,median_rent_eur_m2,,2,True
1505,Grândola,Setúbal,2026-10-03,median_rent_month,,2,True
1505,Grândola,Setúbal,2026-10-03,price_reduced_share_pct,17.9,156,False
1505,Grândola,Setúbal,2026-10-03,short_term_rental_registrations,765,,False
1505,Grândola,Setúbal,2026-10-03,top_agency_share_pct,18.8,239,False
1506,Moita,Setúbal,2026-10-03,agencies,61,206,False
1506,Moita,Setúbal,2026-10-03,asking_vs_transaction_pct,36.9,158,False
1506,Moita,Setúbal,2026-10-03,gross_rental_yield_pct,,3,True
1506,Moita,Setúbal,2026-10-03,ine_transaction_eur_m2,2371,,False
1506,Moita,Setúbal,2026-10-03,listings_rent,4,4,False
1506,Moita,Setúbal,2026-10-03,listings_sale,202,202,False
1506,Moita,Setúbal,2026-10-03,median_asking_eur_m2_sale,3247,158,False
1506,Moita,Setúbal,2026-10-03,median_asking_price_sale,265000,158,False
1506,Moita,Setúbal,2026-10-03,median_days_on_market,90,148,False
1506,Moita,Setúbal,2026-10-03,median_rent_eur_m2,,3,True
1506,Moita,Setúbal,2026-10-03,median_rent_month,,3,True
1506,Moita,Setúbal,2026-10-03,price_reduced_share_pct,25.0,148,False
1506,Moita,Setúbal,2026-10-03,short_term_rental_registrations,64,,False
1506,Moita,Setúbal,2026-10-03,top_agency_share_pct,9.7,206,False
1507,Montijo,Setúbal,2026-10-03,agencies,79,522,False
1507,Montijo,Setúbal,2026-10-03,asking_vs_transaction_pct,32.4,337,False
1507,Montijo,Setúbal,2026-10-03,gross_rental_yield_pct,,16,True
1507,Montijo,Setúbal,2026-10-03,ine_transaction_eur_m2,2608,,False
1507,Montijo,Setúbal,2026-10-03,listings_rent,20,20,False
1507,Montijo,Setúbal,2026-10-03,listings_sale,502,502,False
1507,Montijo,Setúbal,2026-10-03,median_asking_eur_m2_sale,3453,337,False
1507,Montijo,Setúbal,2026-10-03,median_asking_price_sale,463000,337,False
1507,Montijo,Setúbal,2026-10-03,median_days_on_market,90,334,False
1507,Montijo,Setúbal,2026-10-03,median_rent_eur_m2,,16,True
1507,Montijo,Setúbal,2026-10-03,median_rent_month,,16,True
1507,Montijo,Setúbal,2026-10-03,price_reduced_share_pct,15.3,334,False
1507,Montijo,Setúbal,2026-10-03,short_term_rental_registrations,111,,False
1507,Montijo,Setúbal,2026-10-03,top_agency_share_pct,8.2,522,False
1508,Palmela,Setúbal,2026-10-03,agencies,94,457,False
1508,Palmela,Setúbal,2026-10-03,asking_vs_transaction_pct,47.4,205,False
1508,Palmela,Setúbal,2026-10-03,gross_rental_yield_pct,,5,True
1508,Palmela,Setúbal,2026-10-03,ine_transaction_eur_m2,2375,,False
1508,Palmela,Setúbal,2026-10-03,listings_rent,10,10,False
1508,Palmela,Setúbal,2026-10-03,listings_sale,447,447,False
1508,Palmela,Setúbal,2026-10-03,median_asking_eur_m2_sale,3500,205,False
1508,Palmela,Setúbal,2026-10-03,median_asking_price_sale,449400,206,False
1508,Palmela,Setúbal,2026-10-03,median_days_on_market,122,328,False
1508,Palmela,Setúbal,2026-10-03,median_rent_eur_m2,,5,True
1508,Palmela,Setúbal,2026-10-03,median_rent_month,,5,True
1508,Palmela,Setúbal,2026-10-03,price_reduced_share_pct,24.1,328,False
1508,Palmela,Setúbal,2026-10-03,short_term_rental_registrations,247,,False
1508,Palmela,Setúbal,2026-10-03,top_agency_share_pct,7.0,457,False
1509,Santiago do Cacém,Setúbal,2026-10-03,agencies,38,224,False
1509,Santiago do Cacém,Setúbal,2026-10-03,asking_vs_transaction_pct,224.8,94,False
1509,Santiago do Cacém,Setúbal,2026-10-03,gross_rental_yield_pct,,11,True
1509,Santiago do Cacém,Setúbal,2026-10-03,ine_transaction_eur_m2,2019,,False
1509,Santiago do Cacém,Setúbal,2026-10-03,listings_rent,16,16,False
1509,Santiago do Cacém,Setúbal,2026-10-03,listings_sale,208,208,False
1509,Santiago do Cacém,Setúbal,2026-10-03,median_asking_eur_m2_sale,6557,94,False
1509,Santiago do Cacém,Setúbal,2026-10-03,median_asking_price_sale,799000,94,False
1509,Santiago do Cacém,Setúbal,2026-10-03,median_days_on_market,194,127,False
1509,Santiago do Cacém,Setúbal,2026-10-03,median_rent_eur_m2,,11,True
1509,Santiago do Cacém,Setúbal,2026-10-03,median_rent_month,,11,True
1509,Santiago do Cacém,Setúbal,2026-10-03,price_reduced_share_pct,12.7,126,False
1509,Santiago do Cacém,Setúbal,2026-10-03,short_term_rental_registrations,340,,False
1509,Santiago do Cacém,Setúbal,2026-10-03,top_agency_share_pct,17.0,224,False
1510,Seixal,Setúbal,2026-10-03,agencies,96,743,False
1510,Seixal,Setúbal,2026-10-03,asking_vs_transaction_pct,47.9,610,False
1510,Seixal,Setúbal,2026-10-03,gross_rental_yield_pct,,24,True
1510,Seixal,Setúbal,2026-10-03,ine_transaction_eur_m2,2800,,False
1510,Seixal,Setúbal,2026-10-03,listings_rent,33,33,False
1510,Seixal,Setúbal,2026-10-03,listings_sale,710,710,False
1510,Seixal,Setúbal,2026-10-03,median_asking_eur_m2_sale,4141,610,False
1510,Seixal,Setúbal,2026-10-03,median_asking_price_sale,401250,610,False
1510,Seixal,Setúbal,2026-10-03,median_days_on_market,74,433,False
1510,Seixal,Setúbal,2026-10-03,median_rent_eur_m2,,24,True
1510,Seixal,Setúbal,2026-10-03,median_rent_month,,24,True
1510,Seixal,Setúbal,2026-10-03,price_reduced_share_pct,23.6,433,False
1510,Seixal,Setúbal,2026-10-03,short_term_rental_registrations,383,,False
1510,Seixal,Setúbal,2026-10-03,top_agency_share_pct,11.0,743,False
1511,Sesimbra,Setúbal,2026-10-03,agencies,97,398,False
1511,Sesimbra,Setúbal,2026-10-03,asking_vs_transaction_pct,65.4,269,False
1511,Sesimbra,Setúbal,2026-10-03,gross_rental_yield_pct,,7,True
1511,Sesimbra,Setúbal,2026-10-03,ine_transaction_eur_m2,2909,,False
1511,Sesimbra,Setúbal,2026-10-03,listings_rent,8,8,False
1511,Sesimbra,Setúbal,2026-10-03,listings_sale,390,390,False
1511,Sesimbra,Setúbal,2026-10-03,median_asking_eur_m2_sale,4812,269,False
1511,Sesimbra,Setúbal,2026-10-03,median_asking_price_sale,512500,270,False
1511,Sesimbra,Setúbal,2026-10-03,median_days_on_market,160,290,False
1511,Sesimbra,Setúbal,2026-10-03,median_rent_eur_m2,,7,True
1511,Sesimbra,Setúbal,2026-10-03,median_rent_month,,7,True
1511,Sesimbra,Setúbal,2026-10-03,price_reduced_share_pct,22.1,289,False
1511,Sesimbra,Setúbal,2026-10-03,short_term_rental_registrations,960,,False
1511,Sesimbra,Setúbal,2026-10-03,top_agency_share_pct,6.3,398,False
1512,Setúbal,Setúbal,2026-10-03,agencies,91,772,False
1512,Setúbal,Setúbal,2026-10-03,asking_vs_transaction_pct,58.3,538,False
1512,Setúbal,Setúbal,2026-10-03,gross_rental_yield_pct,4.3,36,False
1512,Setúbal,Setúbal,2026-10-03,ine_transaction_eur_m2,2638,,False
1512,Setúbal,Setúbal,2026-10-03,listings_rent,50,50,False
1512,Setúbal,Setúbal,2026-10-03,listings_sale,722,722,False
1512,Setúbal,Setúbal,2026-10-03,median_asking_eur_m2_sale,4177,538,False
1512,Setúbal,Setúbal,2026-10-03,median_asking_price_sale,397000,538,False
1512,Setúbal,Setúbal,2026-10-03,median_days_on_market,79,537,False
1512,Setúbal,Setúbal,2026-10-03,median_rent_eur_m2,14.9,36,False
1512,Setúbal,Setúbal,2026-10-03,median_rent_month,1275,36,False
1512,Setúbal,Setúbal,2026-10-03,price_reduced_share_pct,22.3,537,False
1512,Setúbal,Setúbal,2026-10-03,short_term_rental_registrations,1111,,False
1512,Setúbal,Setúbal,2026-10-03,top_agency_share_pct,15.0,772,False
1513,Sines,Setúbal,2026-10-03,agencies,25,99,False
1513,Sines,Setúbal,2026-10-03,asking_vs_transaction_pct,147.3,70,False
1513,Sines,Setúbal,2026-10-03,gross_rental_yield_pct,,6,True
1513,Sines,Setúbal,2026-10-03,ine_transaction_eur_m2,2473,,False
1513,Sines,Setúbal,2026-10-03,listings_rent,6,6,False
1513,Sines,Setúbal,2026-10-03,listings_sale,93,93,False
1513,Sines,Setúbal,2026-10-03,median_asking_eur_m2_sale,6116,70,False
1513,Sines,Setúbal,2026-10-03,median_asking_price_sale,675000,70,False
1513,Sines,Setúbal,2026-10-03,median_days_on_market,161,77,False
1513,Sines,Setúbal,2026-10-03,median_rent_eur_m2,,6,True
1513,Sines,Setúbal,2026-10-03,median_rent_month,,6,True
1513,Sines,Setúbal,2026-10-03,price_reduced_share_pct,6.5,77,False
1513,Sines,Setúbal,2026-10-03,short_term_rental_registrations,155,,False
1513,Sines,Setúbal,2026-10-03,top_agency_share_pct,40.4,99,False
1601,Arcos de Valdevez,Viana do Castelo,2026-10-03,agencies,16,178,False
1601,Arcos de Valdevez,Viana do Castelo,2026-10-03,asking_vs_transaction_pct,50.4,63,False
1601,Arcos de Valdevez,Viana do Castelo,2026-10-03,gross_rental_yield_pct,,2,True
1601,Arcos de Valdevez,Viana do Castelo,2026-10-03,ine_transaction_eur_m2,914,,False
1601,Arcos de Valdevez,Viana do Castelo,2026-10-03,listings_rent,4,4,False
1601,Arcos de Valdevez,Viana do Castelo,2026-10-03,listings_sale,174,174,False
1601,Arcos de Valdevez,Viana do Castelo,2026-10-03,median_asking_eur_m2_sale,1375,63,False
1601,Arcos de Valdevez,Viana do Castelo,2026-10-03,median_asking_price_sale,121500,64,False
1601,Arcos de Valdevez,Viana do Castelo,2026-10-03,median_days_on_market,558,177,False
1601,Arcos de Valdevez,Viana do Castelo,2026-10-03,median_rent_eur_m2,,2,True
1601,Arcos de Valdevez,Viana do Castelo,2026-10-03,median_rent_month,,2,True
1601,Arcos de Valdevez,Viana do Castelo,2026-10-03,price_reduced_share_pct,28.8,177,False
1601,Arcos de Valdevez,Viana do Castelo,2026-10-03,short_term_rental_registrations,314,,False
1601,Arcos de Valdevez,Viana do Castelo,2026-10-03,top_agency_share_pct,74.2,178,False
1602,Caminha,Viana do Castelo,2026-10-03,agencies,19,102,False
1602,Caminha,Viana do Castelo,2026-10-03,asking_vs_transaction_pct,33.4,48,False
1602,Caminha,Viana do Castelo,2026-10-03,gross_rental_yield_pct,,3,True
1602,Caminha,Viana do Castelo,2026-10-03,ine_transaction_eur_m2,1646,,False
1602,Caminha,Viana do Castelo,2026-10-03,listings_rent,4,4,False
1602,Caminha,Viana do Castelo,2026-10-03,listings_sale,98,98,False
1602,Caminha,Viana do Castelo,2026-10-03,median_asking_eur_m2_sale,2195,48,False
1602,Caminha,Viana do Castelo,2026-10-03,median_asking_price_sale,351500,48,False
1602,Caminha,Viana do Castelo,2026-10-03,median_days_on_market,265,50,False
1602,Caminha,Viana do Castelo,2026-10-03,median_rent_eur_m2,,3,True
1602,Caminha,Viana do Castelo,2026-10-03,median_rent_month,,3,True
1602,Caminha,Viana do Castelo,2026-10-03,price_reduced_share_pct,26.5,49,False
1602,Caminha,Viana do Castelo,2026-10-03,short_term_rental_registrations,728,,False
1602,Caminha,Viana do Castelo,2026-10-03,top_agency_share_pct,47.1,102,False
1603,Melgaço,Viana do Castelo,2026-10-03,agencies,7,11,False
1603,Melgaço,Viana do Castelo,2026-10-03,asking_vs_transaction_pct,,9,True
1603,Melgaço,Viana do Castelo,2026-10-03,gross_rental_yield_pct,,1,True
1603,Melgaço,Viana do Castelo,2026-10-03,ine_transaction_eur_m2,734,,False
1603,Melgaço,Viana do Castelo,2026-10-03,listings_rent,1,1,False
1603,Melgaço,Viana do Castelo,2026-10-03,listings_sale,10,10,False
1603,Melgaço,Viana do Castelo,2026-10-03,median_asking_eur_m2_sale,,9,True
1603,Melgaço,Viana do Castelo,2026-10-03,median_asking_price_sale,,9,True
1603,Melgaço,Viana do Castelo,2026-10-03,median_days_on_market,,11,True
1603,Melgaço,Viana do Castelo,2026-10-03,median_rent_eur_m2,,1,True
1603,Melgaço,Viana do Castelo,2026-10-03,median_rent_month,,1,True
1603,Melgaço,Viana do Castelo,2026-10-03,price_reduced_share_pct,,11,True
1603,Melgaço,Viana do Castelo,2026-10-03,short_term_rental_registrations,42,,False
1604,Monção,Viana do Castelo,2026-10-03,agencies,15,26,False
1604,Monção,Viana do Castelo,2026-10-03,asking_vs_transaction_pct,,9,True
1604,Monção,Viana do Castelo,2026-10-03,gross_rental_yield_pct,,0,True
1604,Monção,Viana do Castelo,2026-10-03,ine_transaction_eur_m2,1197,,False
1604,Monção,Viana do Castelo,2026-10-03,listings_rent,1,1,False
1604,Monção,Viana do Castelo,2026-10-03,listings_sale,25,25,False
1604,Monção,Viana do Castelo,2026-10-03,median_asking_eur_m2_sale,,9,True
1604,Monção,Viana do Castelo,2026-10-03,median_asking_price_sale,,9,True
1604,Monção,Viana do Castelo,2026-10-03,median_days_on_market,,21,True
1604,Monção,Viana do Castelo,2026-10-03,median_rent_eur_m2,,0,True
1604,Monção,Viana do Castelo,2026-10-03,median_rent_month,,0,True
1604,Monção,Viana do Castelo,2026-10-03,price_reduced_share_pct,,21,True
1604,Monção,Viana do Castelo,2026-10-03,short_term_rental_registrations,109,,False
1605,Paredes de Coura,Viana do Castelo,2026-10-03,agencies,13,28,False
1605,Paredes de Coura,Viana do Castelo,2026-10-03,asking_vs_transaction_pct,,16,True
1605,Paredes de Coura,Viana do Castelo,2026-10-03,gross_rental_yield_pct,,0,True
1605,Paredes de Coura,Viana do Castelo,2026-10-03,ine_transaction_eur_m2,777,,False
1605,Paredes de Coura,Viana do Castelo,2026-10-03,listings_rent,1,1,False
1605,Paredes de Coura,Viana do Castelo,2026-10-03,listings_sale,27,27,False
1605,Paredes de Coura,Viana do Castelo,2026-10-03,median_asking_eur_m2_sale,,16,True
1605,Paredes de Coura,Viana do Castelo,2026-10-03,median_asking_price_sale,,16,True
1605,Paredes de Coura,Viana do Castelo,2026-10-03,median_days_on_market,,23,True
1605,Paredes de Coura,Viana do Castelo,2026-10-03,median_rent_eur_m2,,0,True
1605,Paredes de Coura,Viana do Castelo,2026-10-03,median_rent_month,,0,True
1605,Paredes de Coura,Viana do Castelo,2026-10-03,price_reduced_share_pct,,23,True
1605,Paredes de Coura,Viana do Castelo,2026-10-03,short_term_rental_registrations,166,,False
1606,Ponte da Barca,Viana do Castelo,2026-10-03,agencies,11,108,False
1606,Ponte da Barca,Viana do Castelo,2026-10-03,asking_vs_transaction_pct,11.5,42,False
1606,Ponte da Barca,Viana do Castelo,2026-10-03,gross_rental_yield_pct,,5,True
1606,Ponte da Barca,Viana do Castelo,2026-10-03,ine_transaction_eur_m2,1239,,False
1606,Ponte da Barca,Viana do Castelo,2026-10-03,listings_rent,9,9,False
1606,Ponte da Barca,Viana do Castelo,2026-10-03,listings_sale,99,99,False
1606,Ponte da Barca,Viana do Castelo,2026-10-03,median_asking_eur_m2_sale,1382,42,False
1606,Ponte da Barca,Viana do Castelo,2026-10-03,median_asking_price_sale,150000,43,False
1606,Ponte da Barca,Viana do Castelo,2026-10-03,median_days_on_market,320,107,False
1606,Ponte da Barca,Viana do Castelo,2026-10-03,median_rent_eur_m2,,5,True
1606,Ponte da Barca,Viana do Castelo,2026-10-03,median_rent_month,,5,True
1606,Ponte da Barca,Viana do Castelo,2026-10-03,price_reduced_share_pct,35.5,107,False
1606,Ponte da Barca,Viana do Castelo,2026-10-03,short_term_rental_registrations,119,,False
1606,Ponte da Barca,Viana do Castelo,2026-10-03,top_agency_share_pct,67.6,108,False
1607,Ponte de Lima,Viana do Castelo,2026-10-03,agencies,26,102,False
1607,Ponte de Lima,Viana do Castelo,2026-10-03,asking_vs_transaction_pct,30.6,32,False
1607,Ponte de Lima,Viana do Castelo,2026-10-03,gross_rental_yield_pct,,4,True
1607,Ponte de Lima,Viana do Castelo,2026-10-03,ine_transaction_eur_m2,1450,,False
1607,Ponte de Lima,Viana do Castelo,2026-10-03,listings_rent,6,6,False
1607,Ponte de Lima,Viana do Castelo,2026-10-03,listings_sale,96,96,False
1607,Ponte de Lima,Viana do Castelo,2026-10-03,median_asking_eur_m2_sale,1893,32,False
1607,Ponte de Lima,Viana do Castelo,2026-10-03,median_asking_price_sale,280000,33,False
1607,Ponte de Lima,Viana do Castelo,2026-10-03,median_days_on_market,172,98,False
1607,Ponte de Lima,Viana do Castelo,2026-10-03,median_rent_eur_m2,,4,True
1607,Ponte de Lima,Viana do Castelo,2026-10-03,median_rent_month,,4,True
1607,Ponte de Lima,Viana do Castelo,2026-10-03,price_reduced_share_pct,31.6,98,False
1607,Ponte de Lima,Viana do Castelo,2026-10-03,short_term_rental_registrations,428,,False
1607,Ponte de Lima,Viana do Castelo,2026-10-03,top_agency_share_pct,31.4,102,False
1608,Valença,Viana do Castelo,2026-10-03,agencies,22,145,False
1608,Valença,Viana do Castelo,2026-10-03,asking_vs_transaction_pct,78.1,63,False
1608,Valença,Viana do Castelo,2026-10-03,gross_rental_yield_pct,,0,True
1608,Valença,Viana do Castelo,2026-10-03,ine_transaction_eur_m2,1181,,False
1608,Valença,Viana do Castelo,2026-10-03,listings_rent,22,22,False
1608,Valença,Viana do Castelo,2026-10-03,listings_sale,123,123,False
1608,Valença,Viana do Castelo,2026-10-03,median_asking_eur_m2_sale,2103,63,False
1608,Valença,Viana do Castelo,2026-10-03,median_asking_price_sale,175000,63,False
1608,Valença,Viana do Castelo,2026-10-03,median_days_on_market,153,142,False
1608,Valença,Viana do Castelo,2026-10-03,median_rent_eur_m2,,0,True
1608,Valença,Viana do Castelo,2026-10-03,median_rent_month,,0,True
1608,Valença,Viana do Castelo,2026-10-03,price_reduced_share_pct,14.8,142,False
1608,Valença,Viana do Castelo,2026-10-03,short_term_rental_registrations,103,,False
1608,Valença,Viana do Castelo,2026-10-03,top_agency_share_pct,33.1,145,False
1609,Viana do Castelo,Viana do Castelo,2026-10-03,agencies,28,199,False
1609,Viana do Castelo,Viana do Castelo,2026-10-03,asking_vs_transaction_pct,82.5,134,False
1609,Viana do Castelo,Viana do Castelo,2026-10-03,gross_rental_yield_pct,,8,True
1609,Viana do Castelo,Viana do Castelo,2026-10-03,ine_transaction_eur_m2,1857,,False
1609,Viana do Castelo,Viana do Castelo,2026-10-03,listings_rent,9,9,False
1609,Viana do Castelo,Viana do Castelo,2026-10-03,listings_sale,190,190,False
1609,Viana do Castelo,Viana do Castelo,2026-10-03,median_asking_eur_m2_sale,3389,134,False
1609,Viana do Castelo,Viana do Castelo,2026-10-03,median_asking_price_sale,335500,134,False
1609,Viana do Castelo,Viana do Castelo,2026-10-03,median_days_on_market,96,146,False
1609,Viana do Castelo,Viana do Castelo,2026-10-03,median_rent_eur_m2,,8,True
1609,Viana do Castelo,Viana do Castelo,2026-10-03,median_rent_month,,8,True
1609,Viana do Castelo,Viana do Castelo,2026-10-03,price_reduced_share_pct,13.8,145,False
1609,Viana do Castelo,Viana do Castelo,2026-10-03,short_term_rental_registrations,534,,False
1609,Viana do Castelo,Viana do Castelo,2026-10-03,top_agency_share_pct,30.7,199,False
1610,Vila Nova de Cerveira,Viana do Castelo,2026-10-03,agencies,14,163,False
1610,Vila Nova de Cerveira,Viana do Castelo,2026-10-03,asking_vs_transaction_pct,234.9,139,False
1610,Vila Nova de Cerveira,Viana do Castelo,2026-10-03,gross_rental_yield_pct,,0,True
1610,Vila Nova de Cerveira,Viana do Castelo,2026-10-03,ine_transaction_eur_m2,1097,,False
1610,Vila Nova de Cerveira,Viana do Castelo,2026-10-03,listings_rent,2,2,False
1610,Vila Nova de Cerveira,Viana do Castelo,2026-10-03,listings_sale,161,161,False
1610,Vila Nova de Cerveira,Viana do Castelo,2026-10-03,median_asking_eur_m2_sale,3674,139,False
1610,Vila Nova de Cerveira,Viana do Castelo,2026-10-03,median_asking_price_sale,180000,139,False
1610,Vila Nova de Cerveira,Viana do Castelo,2026-10-03,median_days_on_market,49,141,False
1610,Vila Nova de Cerveira,Viana do Castelo,2026-10-03,median_rent_eur_m2,,0,True
1610,Vila Nova de Cerveira,Viana do Castelo,2026-10-03,median_rent_month,,0,True
1610,Vila Nova de Cerveira,Viana do Castelo,2026-10-03,price_reduced_share_pct,10.6,141,False
1610,Vila Nova de Cerveira,Viana do Castelo,2026-10-03,short_term_rental_registrations,131,,False
1610,Vila Nova de Cerveira,Viana do Castelo,2026-10-03,top_agency_share_pct,32.5,163,False
1701,Alijó,Vila Real,2026-10-03,agencies,13,47,False
1701,Alijó,Vila Real,2026-10-03,asking_vs_transaction_pct,,27,True
1701,Alijó,Vila Real,2026-10-03,gross_rental_yield_pct,,0,True
1701,Alijó,Vila Real,2026-10-03,ine_transaction_eur_m2,472,,False
1701,Alijó,Vila Real,2026-10-03,listings_rent,0,0,False
1701,Alijó,Vila Real,2026-10-03,listings_sale,47,47,False
1701,Alijó,Vila Real,2026-10-03,median_asking_eur_m2_sale,,27,True
1701,Alijó,Vila Real,2026-10-03,median_asking_price_sale,,27,True
1701,Alijó,Vila Real,2026-10-03,median_days_on_market,190,47,False
1701,Alijó,Vila Real,2026-10-03,median_rent_eur_m2,,0,True
1701,Alijó,Vila Real,2026-10-03,median_rent_month,,0,True
1701,Alijó,Vila Real,2026-10-03,price_reduced_share_pct,23.4,47,False
1701,Alijó,Vila Real,2026-10-03,short_term_rental_registrations,91,,False
1701,Alijó,Vila Real,2026-10-03,top_agency_share_pct,36.2,47,False
1702,Boticas,Vila Real,2026-10-03,agencies,5,10,False
1702,Boticas,Vila Real,2026-10-03,asking_vs_transaction_pct,,6,True
1702,Boticas,Vila Real,2026-10-03,gross_rental_yield_pct,,0,True
1702,Boticas,Vila Real,2026-10-03,ine_transaction_eur_m2,532,,False
1702,Boticas,Vila Real,2026-10-03,listings_rent,0,0,False
1702,Boticas,Vila Real,2026-10-03,listings_sale,10,10,False
1702,Boticas,Vila Real,2026-10-03,median_asking_eur_m2_sale,,6,True
1702,Boticas,Vila Real,2026-10-03,median_asking_price_sale,,6,True
1702,Boticas,Vila Real,2026-10-03,median_days_on_market,,10,True
1702,Boticas,Vila Real,2026-10-03,median_rent_eur_m2,,0,True
1702,Boticas,Vila Real,2026-10-03,median_rent_month,,0,True
1702,Boticas,Vila Real,2026-10-03,price_reduced_share_pct,,10,True
1702,Boticas,Vila Real,2026-10-03,short_term_rental_registrations,14,,False
1703,Chaves,Vila Real,2026-10-03,agencies,23,139,False
1703,Chaves,Vila Real,2026-10-03,asking_vs_transaction_pct,6.2,60,False
1703,Chaves,Vila Real,2026-10-03,gross_rental_yield_pct,,1,True
1703,Chaves,Vila Real,2026-10-03,ine_transaction_eur_m2,1184,,False
1703,Chaves,Vila Real,2026-10-03,listings_rent,3,3,False
1703,Chaves,Vila Real,2026-10-03,listings_sale,136,136,False
1703,Chaves,Vila Real,2026-10-03,median_asking_eur_m2_sale,1258,60,False
1703,Chaves,Vila Real,2026-10-03,median_asking_price_sale,200000,61,False
1703,Chaves,Vila Real,2026-10-03,median_days_on_market,409,137,False
1703,Chaves,Vila Real,2026-10-03,median_rent_eur_m2,,1,True
1703,Chaves,Vila Real,2026-10-03,median_rent_month,,1,True
1703,Chaves,Vila Real,2026-10-03,price_reduced_share_pct,28.5,137,False
1703,Chaves,Vila Real,2026-10-03,short_term_rental_registrations,136,,False
1703,Chaves,Vila Real,2026-10-03,top_agency_share_pct,54.0,139,False
1704,Mesão Frio,Vila Real,2026-10-03,agencies,5,31,False
1704,Mesão Frio,Vila Real,2026-10-03,asking_vs_transaction_pct,,15,True
1704,Mesão Frio,Vila Real,2026-10-03,gross_rental_yield_pct,,0,True
1704,Mesão Frio,Vila Real,2026-10-03,ine_transaction_eur_m2,657,,False
1704,Mesão Frio,Vila Real,2026-10-03,listings_rent,0,0,False
1704,Mesão Frio,Vila Real,2026-10-03,listings_sale,31,31,False
1704,Mesão Frio,Vila Real,2026-10-03,median_asking_eur_m2_sale,,15,True
1704,Mesão Frio,Vila Real,2026-10-03,median_asking_price_sale,,15,True
1704,Mesão Frio,Vila Real,2026-10-03,median_days_on_market,220,30,False
1704,Mesão Frio,Vila Real,2026-10-03,median_rent_eur_m2,,0,True
1704,Mesão Frio,Vila Real,2026-10-03,median_rent_month,,0,True
1704,Mesão Frio,Vila Real,2026-10-03,price_reduced_share_pct,16.7,30,False
1704,Mesão Frio,Vila Real,2026-10-03,short_term_rental_registrations,57,,False
1704,Mesão Frio,Vila Real,2026-10-03,top_agency_share_pct,54.8,31,False
1705,Mondim de Basto,Vila Real,2026-10-03,agencies,13,34,False
1705,Mondim de Basto,Vila Real,2026-10-03,asking_vs_transaction_pct,,16,True
1705,Mondim de Basto,Vila Real,2026-10-03,gross_rental_yield_pct,,0,True
1705,Mondim de Basto,Vila Real,2026-10-03,ine_transaction_eur_m2,980,,False
1705,Mondim de Basto,Vila Real,2026-10-03,listings_rent,1,1,False
1705,Mondim de Basto,Vila Real,2026-10-03,listings_sale,33,33,False
1705,Mondim de Basto,Vila Real,2026-10-03,median_asking_eur_m2_sale,,16,True
1705,Mondim de Basto,Vila Real,2026-10-03,median_asking_price_sale,,16,True
1705,Mondim de Basto,Vila Real,2026-10-03,median_days_on_market,300,34,False
1705,Mondim de Basto,Vila Real,2026-10-03,median_rent_eur_m2,,0,True
1705,Mondim de Basto,Vila Real,2026-10-03,median_rent_month,,0,True
1705,Mondim de Basto,Vila Real,2026-10-03,price_reduced_share_pct,29.4,34,False
1705,Mondim de Basto,Vila Real,2026-10-03,short_term_rental_registrations,98,,False
1705,Mondim de Basto,Vila Real,2026-10-03,top_agency_share_pct,32.4,34,False
1706,Montalegre,Vila Real,2026-10-03,agencies,21,81,False
1706,Montalegre,Vila Real,2026-10-03,asking_vs_transaction_pct,41.0,43,False
1706,Montalegre,Vila Real,2026-10-03,gross_rental_yield_pct,,0,True
1706,Montalegre,Vila Real,2026-10-03,ine_transaction_eur_m2,800,,False
1706,Montalegre,Vila Real,2026-10-03,listings_rent,1,1,False
1706,Montalegre,Vila Real,2026-10-03,listings_sale,80,80,False
1706,Montalegre,Vila Real,2026-10-03,median_asking_eur_m2_sale,1128,43,False
1706,Montalegre,Vila Real,2026-10-03,median_asking_price_sale,135000,43,False
1706,Montalegre,Vila Real,2026-10-03,median_days_on_market,293,79,False
1706,Montalegre,Vila Real,2026-10-03,median_rent_eur_m2,,0,True
1706,Montalegre,Vila Real,2026-10-03,median_rent_month,,0,True
1706,Montalegre,Vila Real,2026-10-03,price_reduced_share_pct,30.4,79,False
1706,Montalegre,Vila Real,2026-10-03,short_term_rental_registrations,175,,False
1706,Montalegre,Vila Real,2026-10-03,top_agency_share_pct,23.5,81,False
1707,Murça,Vila Real,2026-10-03,agencies,6,18,False
1707,Murça,Vila Real,2026-10-03,asking_vs_transaction_pct,,9,True
1707,Murça,Vila Real,2026-10-03,gross_rental_yield_pct,,0,True
1707,Murça,Vila Real,2026-10-03,ine_transaction_eur_m2,529,,False
1707,Murça,Vila Real,2026-10-03,listings_rent,0,0,False
1707,Murça,Vila Real,2026-10-03,listings_sale,18,18,False
1707,Murça,Vila Real,2026-10-03,median_asking_eur_m2_sale,,9,True
1707,Murça,Vila Real,2026-10-03,median_asking_price_sale,,9,True
1707,Murça,Vila Real,2026-10-03,median_days_on_market,,18,True
1707,Murça,Vila Real,2026-10-03,median_rent_eur_m2,,0,True
1707,Murça,Vila Real,2026-10-03,median_rent_month,,0,True
1707,Murça,Vila Real,2026-10-03,price_reduced_share_pct,,18,True
1707,Murça,Vila Real,2026-10-03,short_term_rental_registrations,12,,False
1708,Peso da Régua,Vila Real,2026-10-03,agencies,14,118,False
1708,Peso da Régua,Vila Real,2026-10-03,asking_vs_transaction_pct,61.4,44,False
1708,Peso da Régua,Vila Real,2026-10-03,gross_rental_yield_pct,,0,True
1708,Peso da Régua,Vila Real,2026-10-03,ine_transaction_eur_m2,1119,,False
1708,Peso da Régua,Vila Real,2026-10-03,listings_rent,1,1,False
1708,Peso da Régua,Vila Real,2026-10-03,listings_sale,117,117,False
1708,Peso da Régua,Vila Real,2026-10-03,median_asking_eur_m2_sale,1806,44,False
1708,Peso da Régua,Vila Real,2026-10-03,median_asking_price_sale,215000,45,False
1708,Peso da Régua,Vila Real,2026-10-03,median_days_on_market,165,116,False
1708,Peso da Régua,Vila Real,2026-10-03,median_rent_eur_m2,,0,True
1708,Peso da Régua,Vila Real,2026-10-03,median_rent_month,,0,True
1708,Peso da Régua,Vila Real,2026-10-03,price_reduced_share_pct,20.7,116,False
1708,Peso da Régua,Vila Real,2026-10-03,short_term_rental_registrations,182,,False
1708,Peso da Régua,Vila Real,2026-10-03,top_agency_share_pct,31.4,118,False
1709,Ribeira de Pena,Vila Real,2026-10-03,agencies,8,14,False
1709,Ribeira de Pena,Vila Real,2026-10-03,asking_vs_transaction_pct,,10,True
1709,Ribeira de Pena,Vila Real,2026-10-03,gross_rental_yield_pct,,0,True
1709,Ribeira de Pena,Vila Real,2026-10-03,ine_transaction_eur_m2,357,,False
1709,Ribeira de Pena,Vila Real,2026-10-03,listings_rent,0,0,False
1709,Ribeira de Pena,Vila Real,2026-10-03,listings_sale,14,14,False
1709,Ribeira de Pena,Vila Real,2026-10-03,median_asking_eur_m2_sale,,10,True
1709,Ribeira de Pena,Vila Real,2026-10-03,median_asking_price_sale,,10,True
1709,Ribeira de Pena,Vila Real,2026-10-03,median_days_on_market,,13,True
1709,Ribeira de Pena,Vila Real,2026-10-03,median_rent_eur_m2,,0,True
1709,Ribeira de Pena,Vila Real,2026-10-03,median_rent_month,,0,True
1709,Ribeira de Pena,Vila Real,2026-10-03,price_reduced_share_pct,,13,True
1709,Ribeira de Pena,Vila Real,2026-10-03,short_term_rental_registrations,48,,False
1710,Sabrosa,Vila Real,2026-10-03,agencies,12,33,False
1710,Sabrosa,Vila Real,2026-10-03,asking_vs_transaction_pct,,11,True
1710,Sabrosa,Vila Real,2026-10-03,gross_rental_yield_pct,,0,True
1710,Sabrosa,Vila Real,2026-10-03,ine_transaction_eur_m2,757,,False
1710,Sabrosa,Vila Real,2026-10-03,listings_rent,0,0,False
1710,Sabrosa,Vila Real,2026-10-03,listings_sale,33,33,False
1710,Sabrosa,Vila Real,2026-10-03,median_asking_eur_m2_sale,,11,True
1710,Sabrosa,Vila Real,2026-10-03,median_asking_price_sale,,11,True
1710,Sabrosa,Vila Real,2026-10-03,median_days_on_market,215,32,False
1710,Sabrosa,Vila Real,2026-10-03,median_rent_eur_m2,,0,True
1710,Sabrosa,Vila Real,2026-10-03,median_rent_month,,0,True
1710,Sabrosa,Vila Real,2026-10-03,price_reduced_share_pct,9.7,31,False
1710,Sabrosa,Vila Real,2026-10-03,short_term_rental_registrations,43,,False
1710,Sabrosa,Vila Real,2026-10-03,top_agency_share_pct,30.3,33,False
1711,Santa Marta de Penaguião,Vila Real,2026-10-03,agencies,11,45,False
1711,Santa Marta de Penaguião,Vila Real,2026-10-03,asking_vs_transaction_pct,,22,True
1711,Santa Marta de Penaguião,Vila Real,2026-10-03,gross_rental_yield_pct,,0,True
1711,Santa Marta de Penaguião,Vila Real,2026-10-03,ine_transaction_eur_m2,500,,False
1711,Santa Marta de Penaguião,Vila Real,2026-10-03,listings_rent,0,0,False
1711,Santa Marta de Penaguião,Vila Real,2026-10-03,listings_sale,45,45,False
1711,Santa Marta de Penaguião,Vila Real,2026-10-03,median_asking_eur_m2_sale,,22,True
1711,Santa Marta de Penaguião,Vila Real,2026-10-03,median_asking_price_sale,,22,True
1711,Santa Marta de Penaguião,Vila Real,2026-10-03,median_days_on_market,316,43,False
1711,Santa Marta de Penaguião,Vila Real,2026-10-03,median_rent_eur_m2,,0,True
1711,Santa Marta de Penaguião,Vila Real,2026-10-03,median_rent_month,,0,True
1711,Santa Marta de Penaguião,Vila Real,2026-10-03,price_reduced_share_pct,20.9,43,False
1711,Santa Marta de Penaguião,Vila Real,2026-10-03,short_term_rental_registrations,27,,False
1711,Santa Marta de Penaguião,Vila Real,2026-10-03,top_agency_share_pct,26.7,45,False
1712,Valpaços,Vila Real,2026-10-03,agencies,19,46,False
1712,Valpaços,Vila Real,2026-10-03,asking_vs_transaction_pct,,29,True
1712,Valpaços,Vila Real,2026-10-03,gross_rental_yield_pct,,0,True
1712,Valpaços,Vila Real,2026-10-03,ine_transaction_eur_m2,684,,False
1712,Valpaços,Vila Real,2026-10-03,listings_rent,0,0,False
1712,Valpaços,Vila Real,2026-10-03,listings_sale,46,46,False
1712,Valpaços,Vila Real,2026-10-03,median_asking_eur_m2_sale,,29,True
1712,Valpaços,Vila Real,2026-10-03,median_asking_price_sale,,29,True
1712,Valpaços,Vila Real,2026-10-03,median_days_on_market,375,45,False
1712,Valpaços,Vila Real,2026-10-03,median_rent_eur_m2,,0,True
1712,Valpaços,Vila Real,2026-10-03,median_rent_month,,0,True
1712,Valpaços,Vila Real,2026-10-03,price_reduced_share_pct,35.6,45,False
1712,Valpaços,Vila Real,2026-10-03,short_term_rental_registrations,25,,False
1712,Valpaços,Vila Real,2026-10-03,top_agency_share_pct,19.6,46,False
1713,Vila Pouca de Aguiar,Vila Real,2026-10-03,agencies,8,44,False
1713,Vila Pouca de Aguiar,Vila Real,2026-10-03,asking_vs_transaction_pct,,17,True
1713,Vila Pouca de Aguiar,Vila Real,2026-10-03,gross_rental_yield_pct,,0,True
1713,Vila Pouca de Aguiar,Vila Real,2026-10-03,ine_transaction_eur_m2,800,,False
1713,Vila Pouca de Aguiar,Vila Real,2026-10-03,listings_rent,0,0,False
1713,Vila Pouca de Aguiar,Vila Real,2026-10-03,listings_sale,44,44,False
1713,Vila Pouca de Aguiar,Vila Real,2026-10-03,median_asking_eur_m2_sale,,17,True
1713,Vila Pouca de Aguiar,Vila Real,2026-10-03,median_asking_price_sale,,17,True
1713,Vila Pouca de Aguiar,Vila Real,2026-10-03,median_days_on_market,292,44,False
1713,Vila Pouca de Aguiar,Vila Real,2026-10-03,median_rent_eur_m2,,0,True
1713,Vila Pouca de Aguiar,Vila Real,2026-10-03,median_rent_month,,0,True
1713,Vila Pouca de Aguiar,Vila Real,2026-10-03,price_reduced_share_pct,27.3,44,False
1713,Vila Pouca de Aguiar,Vila Real,2026-10-03,short_term_rental_registrations,15,,False
1713,Vila Pouca de Aguiar,Vila Real,2026-10-03,top_agency_share_pct,72.7,44,False
1714,Vila Real,Vila Real,2026-10-03,agencies,25,96,False
1714,Vila Real,Vila Real,2026-10-03,asking_vs_transaction_pct,25.7,43,False
1714,Vila Real,Vila Real,2026-10-03,gross_rental_yield_pct,,1,True
1714,Vila Real,Vila Real,2026-10-03,ine_transaction_eur_m2,1591,,False
1714,Vila Real,Vila Real,2026-10-03,listings_rent,2,2,False
1714,Vila Real,Vila Real,2026-10-03,listings_sale,94,94,False
1714,Vila Real,Vila Real,2026-10-03,median_asking_eur_m2_sale,2000,43,False
1714,Vila Real,Vila Real,2026-10-03,median_asking_price_sale,270000,43,False
1714,Vila Real,Vila Real,2026-10-03,median_days_on_market,121,91,False
1714,Vila Real,Vila Real,2026-10-03,median_rent_eur_m2,,1,True
1714,Vila Real,Vila Real,2026-10-03,median_rent_month,,1,True
1714,Vila Real,Vila Real,2026-10-03,price_reduced_share_pct,28.6,91,False
1714,Vila Real,Vila Real,2026-10-03,short_term_rental_registrations,196,,False
1714,Vila Real,Vila Real,2026-10-03,top_agency_share_pct,60.4,96,False
1801,Armamar,Viseu,2026-10-03,agencies,11,36,False
1801,Armamar,Viseu,2026-10-03,asking_vs_transaction_pct,,22,True
1801,Armamar,Viseu,2026-10-03,gross_rental_yield_pct,,0,True
1801,Armamar,Viseu,2026-10-03,ine_transaction_eur_m2,403,,False
1801,Armamar,Viseu,2026-10-03,listings_rent,0,0,False
1801,Armamar,Viseu,2026-10-03,listings_sale,36,36,False
1801,Armamar,Viseu,2026-10-03,median_asking_eur_m2_sale,,22,True
1801,Armamar,Viseu,2026-10-03,median_asking_price_sale,,22,True
1801,Armamar,Viseu,2026-10-03,median_days_on_market,184,34,False
1801,Armamar,Viseu,2026-10-03,median_rent_eur_m2,,0,True
1801,Armamar,Viseu,2026-10-03,median_rent_month,,0,True
1801,Armamar,Viseu,2026-10-03,price_reduced_share_pct,32.4,34,False
1801,Armamar,Viseu,2026-10-03,short_term_rental_registrations,92,,False
1801,Armamar,Viseu,2026-10-03,top_agency_share_pct,63.9,36,False
1802,Carregal do Sal,Viseu,2026-10-03,agencies,16,79,False
1802,Carregal do Sal,Viseu,2026-10-03,asking_vs_transaction_pct,151.6,45,False
1802,Carregal do Sal,Viseu,2026-10-03,gross_rental_yield_pct,,0,True
1802,Carregal do Sal,Viseu,2026-10-03,ine_transaction_eur_m2,697,,False
1802,Carregal do Sal,Viseu,2026-10-03,listings_rent,1,1,False
1802,Carregal do Sal,Viseu,2026-10-03,listings_sale,78,78,False
1802,Carregal do Sal,Viseu,2026-10-03,median_asking_eur_m2_sale,1754,45,False
1802,Carregal do Sal,Viseu,2026-10-03,median_asking_price_sale,172500,45,False
1802,Carregal do Sal,Viseu,2026-10-03,median_days_on_market,153,71,False
1802,Carregal do Sal,Viseu,2026-10-03,median_rent_eur_m2,,0,True
1802,Carregal do Sal,Viseu,2026-10-03,median_rent_month,,0,True
1802,Carregal do Sal,Viseu,2026-10-03,price_reduced_share_pct,10.0,70,False
1802,Carregal do Sal,Viseu,2026-10-03,short_term_rental_registrations,11,,False
1802,Carregal do Sal,Viseu,2026-10-03,top_agency_share_pct,45.6,79,False
1803,Castro Daire,Viseu,2026-10-03,agencies,11,116,False
1803,Castro Daire,Viseu,2026-10-03,asking_vs_transaction_pct,156.7,55,False
1803,Castro Daire,Viseu,2026-10-03,gross_rental_yield_pct,,2,True
1803,Castro Daire,Viseu,2026-10-03,ine_transaction_eur_m2,652,,False
1803,Castro Daire,Viseu,2026-10-03,listings_rent,8,8,False
1803,Castro Daire,Viseu,2026-10-03,listings_sale,108,108,False
1803,Castro Daire,Viseu,2026-10-03,median_asking_eur_m2_sale,1674,55,False
1803,Castro Daire,Viseu,2026-10-03,median_asking_price_sale,110000,55,False
1803,Castro Daire,Viseu,2026-10-03,median_days_on_market,268,114,False
1803,Castro Daire,Viseu,2026-10-03,median_rent_eur_m2,,2,True
1803,Castro Daire,Viseu,2026-10-03,median_rent_month,,2,True
1803,Castro Daire,Viseu,2026-10-03,price_reduced_share_pct,20.2,114,False
1803,Castro Daire,Viseu,2026-10-03,short_term_rental_registrations,108,,False
1803,Castro Daire,Viseu,2026-10-03,top_agency_share_pct,52.6,116,False
1804,Cinfães,Viseu,2026-10-03,agencies,29,140,False
1804,Cinfães,Viseu,2026-10-03,asking_vs_transaction_pct,52.8,71,False
1804,Cinfães,Viseu,2026-10-03,gross_rental_yield_pct,,0,True
1804,Cinfães,Viseu,2026-10-03,ine_transaction_eur_m2,509,,False
1804,Cinfães,Viseu,2026-10-03,listings_rent,0,0,False
1804,Cinfães,Viseu,2026-10-03,listings_sale,140,140,False
1804,Cinfães,Viseu,2026-10-03,median_asking_eur_m2_sale,778,71,False
1804,Cinfães,Viseu,2026-10-03,median_asking_price_sale,71000,72,False
1804,Cinfães,Viseu,2026-10-03,median_days_on_market,298,136,False
1804,Cinfães,Viseu,2026-10-03,median_rent_eur_m2,,0,True
1804,Cinfães,Viseu,2026-10-03,median_rent_month,,0,True
1804,Cinfães,Viseu,2026-10-03,price_reduced_share_pct,23.7,135,False
1804,Cinfães,Viseu,2026-10-03,short_term_rental_registrations,52,,False
1804,Cinfães,Viseu,2026-10-03,top_agency_share_pct,32.1,140,False
1805,Lamego,Viseu,2026-10-03,agencies,23,149,False
1805,Lamego,Viseu,2026-10-03,asking_vs_transaction_pct,8.4,74,False
1805,Lamego,Viseu,2026-10-03,gross_rental_yield_pct,,1,True
1805,Lamego,Viseu,2026-10-03,ine_transaction_eur_m2,973,,False
1805,Lamego,Viseu,2026-10-03,listings_rent,1,1,False
1805,Lamego,Viseu,2026-10-03,listings_sale,148,148,False
1805,Lamego,Viseu,2026-10-03,median_asking_eur_m2_sale,1055,74,False
1805,Lamego,Viseu,2026-10-03,median_asking_price_sale,170000,75,False
1805,Lamego,Viseu,2026-10-03,median_days_on_market,217,139,False
1805,Lamego,Viseu,2026-10-03,median_rent_eur_m2,,1,True
1805,Lamego,Viseu,2026-10-03,median_rent_month,,1,True
1805,Lamego,Viseu,2026-10-03,price_reduced_share_pct,15.8,139,False
1805,Lamego,Viseu,2026-10-03,short_term_rental_registrations,132,,False
1805,Lamego,Viseu,2026-10-03,top_agency_share_pct,39.6,149,False
1806,Mangualde,Viseu,2026-10-03,agencies,15,132,False
1806,Mangualde,Viseu,2026-10-03,asking_vs_transaction_pct,-2.1,36,False
1806,Mangualde,Viseu,2026-10-03,gross_rental_yield_pct,,1,True
1806,Mangualde,Viseu,2026-10-03,ine_transaction_eur_m2,806,,False
1806,Mangualde,Viseu,2026-10-03,listings_rent,2,2,False
1806,Mangualde,Viseu,2026-10-03,listings_sale,130,130,False
1806,Mangualde,Viseu,2026-10-03,median_asking_eur_m2_sale,789,36,False
1806,Mangualde,Viseu,2026-10-03,median_asking_price_sale,84000,38,False
1806,Mangualde,Viseu,2026-10-03,median_days_on_market,228,124,False
1806,Mangualde,Viseu,2026-10-03,median_rent_eur_m2,,1,True
1806,Mangualde,Viseu,2026-10-03,median_rent_month,,1,True
1806,Mangualde,Viseu,2026-10-03,price_reduced_share_pct,23.0,122,False
1806,Mangualde,Viseu,2026-10-03,short_term_rental_registrations,23,,False
1806,Mangualde,Viseu,2026-10-03,top_agency_share_pct,32.6,132,False
1807,Moimenta da Beira,Viseu,2026-10-03,agencies,13,35,False
1807,Moimenta da Beira,Viseu,2026-10-03,asking_vs_transaction_pct,,22,True
1807,Moimenta da Beira,Viseu,2026-10-03,gross_rental_yield_pct,,0,True
1807,Moimenta da Beira,Viseu,2026-10-03,ine_transaction_eur_m2,571,,False
1807,Moimenta da Beira,Viseu,2026-10-03,listings_rent,0,0,False
1807,Moimenta da Beira,Viseu,2026-10-03,listings_sale,35,35,False
1807,Moimenta da Beira,Viseu,2026-10-03,median_asking_eur_m2_sale,,22,True
1807,Moimenta da Beira,Viseu,2026-10-03,median_asking_price_sale,,22,True
1807,Moimenta da Beira,Viseu,2026-10-03,median_days_on_market,250,34,False
1807,Moimenta da Beira,Viseu,2026-10-03,median_rent_eur_m2,,0,True
1807,Moimenta da Beira,Viseu,2026-10-03,median_rent_month,,0,True
1807,Moimenta da Beira,Viseu,2026-10-03,price_reduced_share_pct,48.5,33,False
1807,Moimenta da Beira,Viseu,2026-10-03,short_term_rental_registrations,8,,False
1807,Moimenta da Beira,Viseu,2026-10-03,top_agency_share_pct,40.0,35,False
1808,Mortágua,Viseu,2026-10-03,agencies,11,29,False
1808,Mortágua,Viseu,2026-10-03,asking_vs_transaction_pct,,11,True
1808,Mortágua,Viseu,2026-10-03,gross_rental_yield_pct,,0,True
1808,Mortágua,Viseu,2026-10-03,ine_transaction_eur_m2,738,,False
1808,Mortágua,Viseu,2026-10-03,listings_rent,0,0,False
1808,Mortágua,Viseu,2026-10-03,listings_sale,29,29,False
1808,Mortágua,Viseu,2026-10-03,median_asking_eur_m2_sale,,11,True
1808,Mortágua,Viseu,2026-10-03,median_asking_price_sale,,11,True
1808,Mortágua,Viseu,2026-10-03,median_days_on_market,,27,True
1808,Mortágua,Viseu,2026-10-03,median_rent_eur_m2,,0,True
1808,Mortágua,Viseu,2026-10-03,median_rent_month,,0,True
1808,Mortágua,Viseu,2026-10-03,price_reduced_share_pct,,26,True
1808,Mortágua,Viseu,2026-10-03,short_term_rental_registrations,28,,False
1809,Nelas,Viseu,2026-10-03,agencies,10,127,False
1809,Nelas,Viseu,2026-10-03,asking_vs_transaction_pct,30.9,37,False
1809,Nelas,Viseu,2026-10-03,gross_rental_yield_pct,,2,True
1809,Nelas,Viseu,2026-10-03,ine_transaction_eur_m2,787,,False
1809,Nelas,Viseu,2026-10-03,listings_rent,4,4,False
1809,Nelas,Viseu,2026-10-03,listings_sale,123,123,False
1809,Nelas,Viseu,2026-10-03,median_asking_eur_m2_sale,1030,37,False
1809,Nelas,Viseu,2026-10-03,median_asking_price_sale,120000,37,False
1809,Nelas,Viseu,2026-10-03,median_days_on_market,217,126,False
1809,Nelas,Viseu,2026-10-03,median_rent_eur_m2,,2,True
1809,Nelas,Viseu,2026-10-03,median_rent_month,,2,True
1809,Nelas,Viseu,2026-10-03,price_reduced_share_pct,11.3,124,False
1809,Nelas,Viseu,2026-10-03,short_term_rental_registrations,45,,False
1809,Nelas,Viseu,2026-10-03,top_agency_share_pct,58.3,127,False
1810,Oliveira de Frades,Viseu,2026-10-03,agencies,8,61,False
1810,Oliveira de Frades,Viseu,2026-10-03,asking_vs_transaction_pct,,18,True
1810,Oliveira de Frades,Viseu,2026-10-03,gross_rental_yield_pct,,2,True
1810,Oliveira de Frades,Viseu,2026-10-03,ine_transaction_eur_m2,968,,False
1810,Oliveira de Frades,Viseu,2026-10-03,listings_rent,4,4,False
1810,Oliveira de Frades,Viseu,2026-10-03,listings_sale,57,57,False
1810,Oliveira de Frades,Viseu,2026-10-03,median_asking_eur_m2_sale,,18,True
1810,Oliveira de Frades,Viseu,2026-10-03,median_asking_price_sale,,18,True
1810,Oliveira de Frades,Viseu,2026-10-03,median_days_on_market,170,59,False
1810,Oliveira de Frades,Viseu,2026-10-03,median_rent_eur_m2,,2,True
1810,Oliveira de Frades,Viseu,2026-10-03,median_rent_month,,2,True
1810,Oliveira de Frades,Viseu,2026-10-03,price_reduced_share_pct,18.6,59,False
1810,Oliveira de Frades,Viseu,2026-10-03,short_term_rental_registrations,55,,False
1810,Oliveira de Frades,Viseu,2026-10-03,top_agency_share_pct,47.5,61,False
1811,Penalva do Castelo,Viseu,2026-10-03,agencies,7,24,False
1811,Penalva do Castelo,Viseu,2026-10-03,asking_vs_transaction_pct,,9,True
1811,Penalva do Castelo,Viseu,2026-10-03,gross_rental_yield_pct,,0,True
1811,Penalva do Castelo,Viseu,2026-10-03,ine_transaction_eur_m2,429,,False
1811,Penalva do Castelo,Viseu,2026-10-03,listings_rent,0,0,False
1811,Penalva do Castelo,Viseu,2026-10-03,listings_sale,24,24,False
1811,Penalva do Castelo,Viseu,2026-10-03,median_asking_eur_m2_sale,,9,True
1811,Penalva do Castelo,Viseu,2026-10-03,median_asking_price_sale,,10,True
1811,Penalva do Castelo,Viseu,2026-10-03,median_days_on_market,,24,True
1811,Penalva do Castelo,Viseu,2026-10-03,median_rent_eur_m2,,0,True
1811,Penalva do Castelo,Viseu,2026-10-03,median_rent_month,,0,True
1811,Penalva do Castelo,Viseu,2026-10-03,price_reduced_share_pct,,24,True
1811,Penalva do Castelo,Viseu,2026-10-03,short_term_rental_registrations,14,,False
1812,Penedono,Viseu,2026-10-03,agencies,5,11,False
1812,Penedono,Viseu,2026-10-03,asking_vs_transaction_pct,,5,True
1812,Penedono,Viseu,2026-10-03,gross_rental_yield_pct,,0,True
1812,Penedono,Viseu,2026-10-03,ine_transaction_eur_m2,441,,False
1812,Penedono,Viseu,2026-10-03,listings_rent,0,0,False
1812,Penedono,Viseu,2026-10-03,listings_sale,11,11,False
1812,Penedono,Viseu,2026-10-03,median_asking_eur_m2_sale,,5,True
1812,Penedono,Viseu,2026-10-03,median_asking_price_sale,,5,True
1812,Penedono,Viseu,2026-10-03,median_days_on_market,,11,True
1812,Penedono,Viseu,2026-10-03,median_rent_eur_m2,,0,True
1812,Penedono,Viseu,2026-10-03,median_rent_month,,0,True
1812,Penedono,Viseu,2026-10-03,price_reduced_share_pct,,11,True
1812,Penedono,Viseu,2026-10-03,short_term_rental_registrations,8,,False
1813,Resende,Viseu,2026-10-03,agencies,16,31,False
1813,Resende,Viseu,2026-10-03,asking_vs_transaction_pct,,12,True
1813,Resende,Viseu,2026-10-03,gross_rental_yield_pct,,0,True
1813,Resende,Viseu,2026-10-03,ine_transaction_eur_m2,637,,False
1813,Resende,Viseu,2026-10-03,listings_rent,0,0,False
1813,Resende,Viseu,2026-10-03,listings_sale,31,31,False
1813,Resende,Viseu,2026-10-03,median_asking_eur_m2_sale,,12,True
1813,Resende,Viseu,2026-10-03,median_asking_price_sale,,12,True
1813,Resende,Viseu,2026-10-03,median_days_on_market,,28,True
1813,Resende,Viseu,2026-10-03,median_rent_eur_m2,,0,True
1813,Resende,Viseu,2026-10-03,median_rent_month,,0,True
1813,Resende,Viseu,2026-10-03,price_reduced_share_pct,,28,True
1813,Resende,Viseu,2026-10-03,short_term_rental_registrations,92,,False
1813,Resende,Viseu,2026-10-03,top_agency_share_pct,16.1,31,False
1814,Santa Comba Dão,Viseu,2026-10-03,agencies,19,112,False
1814,Santa Comba Dão,Viseu,2026-10-03,asking_vs_transaction_pct,,27,True
1814,Santa Comba Dão,Viseu,2026-10-03,gross_rental_yield_pct,,0,True
1814,Santa Comba Dão,Viseu,2026-10-03,ine_transaction_eur_m2,767,,False
1814,Santa Comba Dão,Viseu,2026-10-03,listings_rent,2,2,False
1814,Santa Comba Dão,Viseu,2026-10-03,listings_sale,110,110,False
1814,Santa Comba Dão,Viseu,2026-10-03,median_asking_eur_m2_sale,,27,True
1814,Santa Comba Dão,Viseu,2026-10-03,median_asking_price_sale,,27,True
1814,Santa Comba Dão,Viseu,2026-10-03,median_days_on_market,355,107,False
1814,Santa Comba Dão,Viseu,2026-10-03,median_rent_eur_m2,,0,True
1814,Santa Comba Dão,Viseu,2026-10-03,median_rent_month,,0,True
1814,Santa Comba Dão,Viseu,2026-10-03,price_reduced_share_pct,19.6,107,False
1814,Santa Comba Dão,Viseu,2026-10-03,short_term_rental_registrations,31,,False
1814,Santa Comba Dão,Viseu,2026-10-03,top_agency_share_pct,71.4,112,False
1815,São João da Pesqueira,Viseu,2026-10-03,agencies,14,80,False
1815,São João da Pesqueira,Viseu,2026-10-03,asking_vs_transaction_pct,,28,True
1815,São João da Pesqueira,Viseu,2026-10-03,gross_rental_yield_pct,,0,True
1815,São João da Pesqueira,Viseu,2026-10-03,ine_transaction_eur_m2,446,,False
1815,São João da Pesqueira,Viseu,2026-10-03,listings_rent,0,0,False
1815,São João da Pesqueira,Viseu,2026-10-03,listings_sale,80,80,False
1815,São João da Pesqueira,Viseu,2026-10-03,median_asking_eur_m2_sale,,28,True
1815,São João da Pesqueira,Viseu,2026-10-03,median_asking_price_sale,,28,True
1815,São João da Pesqueira,Viseu,2026-10-03,median_days_on_market,280,78,False
1815,São João da Pesqueira,Viseu,2026-10-03,median_rent_eur_m2,,0,True
1815,São João da Pesqueira,Viseu,2026-10-03,median_rent_month,,0,True
1815,São João da Pesqueira,Viseu,2026-10-03,price_reduced_share_pct,20.8,77,False
1815,São João da Pesqueira,Viseu,2026-10-03,short_term_rental_registrations,61,,False
1815,São João da Pesqueira,Viseu,2026-10-03,top_agency_share_pct,33.8,80,False
1816,São Pedro do Sul,Viseu,2026-10-03,agencies,14,160,False
1816,São Pedro do Sul,Viseu,2026-10-03,asking_vs_transaction_pct,4.5,58,False
1816,São Pedro do Sul,Viseu,2026-10-03,gross_rental_yield_pct,,1,True
1816,São Pedro do Sul,Viseu,2026-10-03,ine_transaction_eur_m2,970,,False
1816,São Pedro do Sul,Viseu,2026-10-03,listings_rent,3,3,False
1816,São Pedro do Sul,Viseu,2026-10-03,listings_sale,157,157,False
1816,São Pedro do Sul,Viseu,2026-10-03,median_asking_eur_m2_sale,1014,58,False
1816,São Pedro do Sul,Viseu,2026-10-03,median_asking_price_sale,75500,59,False
1816,São Pedro do Sul,Viseu,2026-10-03,median_days_on_market,267,152,False
1816,São Pedro do Sul,Viseu,2026-10-03,median_rent_eur_m2,,1,True
1816,São Pedro do Sul,Viseu,2026-10-03,median_rent_month,,1,True
1816,São Pedro do Sul,Viseu,2026-10-03,price_reduced_share_pct,21.1,152,False
1816,São Pedro do Sul,Viseu,2026-10-03,short_term_rental_registrations,142,,False
1816,São Pedro do Sul,Viseu,2026-10-03,top_agency_share_pct,55.0,160,False
1817,Sátão,Viseu,2026-10-03,agencies,11,25,False
1817,Sátão,Viseu,2026-10-03,asking_vs_transaction_pct,,15,True
1817,Sátão,Viseu,2026-10-03,gross_rental_yield_pct,,0,True
1817,Sátão,Viseu,2026-10-03,ine_transaction_eur_m2,715,,False
1817,Sátão,Viseu,2026-10-03,listings_rent,0,0,False
1817,Sátão,Viseu,2026-10-03,listings_sale,25,25,False
1817,Sátão,Viseu,2026-10-03,median_asking_eur_m2_sale,,15,True
1817,Sátão,Viseu,2026-10-03,median_asking_price_sale,,16,True
1817,Sátão,Viseu,2026-10-03,median_days_on_market,,22,True
1817,Sátão,Viseu,2026-10-03,median_rent_eur_m2,,0,True
1817,Sátão,Viseu,2026-10-03,median_rent_month,,0,True
1817,Sátão,Viseu,2026-10-03,price_reduced_share_pct,,22,True
1817,Sátão,Viseu,2026-10-03,short_term_rental_registrations,20,,False
1818,Sernancelhe,Viseu,2026-10-03,agencies,7,37,False
1818,Sernancelhe,Viseu,2026-10-03,asking_vs_transaction_pct,,13,True
1818,Sernancelhe,Viseu,2026-10-03,gross_rental_yield_pct,,0,True
1818,Sernancelhe,Viseu,2026-10-03,ine_transaction_eur_m2,297,,False
1818,Sernancelhe,Viseu,2026-10-03,listings_rent,0,0,False
1818,Sernancelhe,Viseu,2026-10-03,listings_sale,37,37,False
1818,Sernancelhe,Viseu,2026-10-03,median_asking_eur_m2_sale,,13,True
1818,Sernancelhe,Viseu,2026-10-03,median_asking_price_sale,,13,True
1818,Sernancelhe,Viseu,2026-10-03,median_days_on_market,352,36,False
1818,Sernancelhe,Viseu,2026-10-03,median_rent_eur_m2,,0,True
1818,Sernancelhe,Viseu,2026-10-03,median_rent_month,,0,True
1818,Sernancelhe,Viseu,2026-10-03,price_reduced_share_pct,28.6,35,False
1818,Sernancelhe,Viseu,2026-10-03,short_term_rental_registrations,38,,False
1818,Sernancelhe,Viseu,2026-10-03,top_agency_share_pct,73.0,37,False
1819,Tabuaço,Viseu,2026-10-03,agencies,13,39,False
1819,Tabuaço,Viseu,2026-10-03,asking_vs_transaction_pct,,21,True
1819,Tabuaço,Viseu,2026-10-03,gross_rental_yield_pct,,0,True
1819,Tabuaço,Viseu,2026-10-03,ine_transaction_eur_m2,582,,False
1819,Tabuaço,Viseu,2026-10-03,listings_rent,1,1,False
1819,Tabuaço,Viseu,2026-10-03,listings_sale,38,38,False
1819,Tabuaço,Viseu,2026-10-03,median_asking_eur_m2_sale,,21,True
1819,Tabuaço,Viseu,2026-10-03,median_asking_price_sale,,21,True
1819,Tabuaço,Viseu,2026-10-03,median_days_on_market,315,35,False
1819,Tabuaço,Viseu,2026-10-03,median_rent_eur_m2,,0,True
1819,Tabuaço,Viseu,2026-10-03,median_rent_month,,0,True
1819,Tabuaço,Viseu,2026-10-03,price_reduced_share_pct,40.0,35,False
1819,Tabuaço,Viseu,2026-10-03,short_term_rental_registrations,45,,False
1819,Tabuaço,Viseu,2026-10-03,top_agency_share_pct,33.3,39,False
1820,Tarouca,Viseu,2026-10-03,agencies,12,54,False
1820,Tarouca,Viseu,2026-10-03,asking_vs_transaction_pct,,28,True
1820,Tarouca,Viseu,2026-10-03,gross_rental_yield_pct,,0,True
1820,Tarouca,Viseu,2026-10-03,ine_transaction_eur_m2,750,,False
1820,Tarouca,Viseu,2026-10-03,listings_rent,1,1,False
1820,Tarouca,Viseu,2026-10-03,listings_sale,53,53,False
1820,Tarouca,Viseu,2026-10-03,median_asking_eur_m2_sale,,28,True
1820,Tarouca,Viseu,2026-10-03,median_asking_price_sale,,28,True
1820,Tarouca,Viseu,2026-10-03,median_days_on_market,195,53,False
1820,Tarouca,Viseu,2026-10-03,median_rent_eur_m2,,0,True
1820,Tarouca,Viseu,2026-10-03,median_rent_month,,0,True
1820,Tarouca,Viseu,2026-10-03,price_reduced_share_pct,32.1,53,False
1820,Tarouca,Viseu,2026-10-03,short_term_rental_registrations,42,,False
1820,Tarouca,Viseu,2026-10-03,top_agency_share_pct,55.6,54,False
1821,Tondela,Viseu,2026-10-03,agencies,18,354,False
1821,Tondela,Viseu,2026-10-03,asking_vs_transaction_pct,228.8,157,False
1821,Tondela,Viseu,2026-10-03,gross_rental_yield_pct,,4,True
1821,Tondela,Viseu,2026-10-03,ine_transaction_eur_m2,810,,False
1821,Tondela,Viseu,2026-10-03,listings_rent,18,18,False
1821,Tondela,Viseu,2026-10-03,listings_sale,336,336,False
1821,Tondela,Viseu,2026-10-03,median_asking_eur_m2_sale,2663,157,False
1821,Tondela,Viseu,2026-10-03,median_asking_price_sale,190000,158,False
1821,Tondela,Viseu,2026-10-03,median_days_on_market,280,350,False
1821,Tondela,Viseu,2026-10-03,median_rent_eur_m2,,4,True
1821,Tondela,Viseu,2026-10-03,median_rent_month,,4,True
1821,Tondela,Viseu,2026-10-03,price_reduced_share_pct,16.6,349,False
1821,Tondela,Viseu,2026-10-03,short_term_rental_registrations,54,,False
1821,Tondela,Viseu,2026-10-03,top_agency_share_pct,45.8,354,False
1822,Vila Nova de Paiva,Viseu,2026-10-03,agencies,7,50,False
1822,Vila Nova de Paiva,Viseu,2026-10-03,asking_vs_transaction_pct,,24,True
1822,Vila Nova de Paiva,Viseu,2026-10-03,gross_rental_yield_pct,,1,True
1822,Vila Nova de Paiva,Viseu,2026-10-03,ine_transaction_eur_m2,340,,False
1822,Vila Nova de Paiva,Viseu,2026-10-03,listings_rent,1,1,False
1822,Vila Nova de Paiva,Viseu,2026-10-03,listings_sale,49,49,False
1822,Vila Nova de Paiva,Viseu,2026-10-03,median_asking_eur_m2_sale,,24,True
1822,Vila Nova de Paiva,Viseu,2026-10-03,median_asking_price_sale,,25,True
1822,Vila Nova de Paiva,Viseu,2026-10-03,median_days_on_market,264,50,False
1822,Vila Nova de Paiva,Viseu,2026-10-03,median_rent_eur_m2,,1,True
1822,Vila Nova de Paiva,Viseu,2026-10-03,median_rent_month,,1,True
1822,Vila Nova de Paiva,Viseu,2026-10-03,price_reduced_share_pct,6.0,50,False
1822,Vila Nova de Paiva,Viseu,2026-10-03,short_term_rental_registrations,15,,False
1822,Vila Nova de Paiva,Viseu,2026-10-03,top_agency_share_pct,54.0,50,False
1823,Viseu,Viseu,2026-10-03,agencies,29,541,False
1823,Viseu,Viseu,2026-10-03,asking_vs_transaction_pct,64.6,256,False
1823,Viseu,Viseu,2026-10-03,gross_rental_yield_pct,,11,True
1823,Viseu,Viseu,2026-10-03,ine_transaction_eur_m2,1595,,False
1823,Viseu,Viseu,2026-10-03,listings_rent,30,30,False
1823,Viseu,Viseu,2026-10-03,listings_sale,511,511,False
1823,Viseu,Viseu,2026-10-03,median_asking_eur_m2_sale,2626,256,False
1823,Viseu,Viseu,2026-10-03,median_asking_price_sale,337500,257,False
1823,Viseu,Viseu,2026-10-03,median_days_on_market,233,494,False
1823,Viseu,Viseu,2026-10-03,median_rent_eur_m2,,11,True
1823,Viseu,Viseu,2026-10-03,median_rent_month,,11,True
1823,Viseu,Viseu,2026-10-03,price_reduced_share_pct,19.0,489,False
1823,Viseu,Viseu,2026-10-03,short_term_rental_registrations,146,,False
1823,Viseu,Viseu,2026-10-03,top_agency_share_pct,49.2,541,False
1824,Vouzela,Viseu,2026-10-03,agencies,11,103,False
1824,Vouzela,Viseu,2026-10-03,asking_vs_transaction_pct,-6.2,40,False
1824,Vouzela,Viseu,2026-10-03,gross_rental_yield_pct,,0,True
1824,Vouzela,Viseu,2026-10-03,ine_transaction_eur_m2,625,,False
1824,Vouzela,Viseu,2026-10-03,listings_rent,1,1,False
1824,Vouzela,Viseu,2026-10-03,listings_sale,102,102,False
1824,Vouzela,Viseu,2026-10-03,median_asking_eur_m2_sale,586,40,False
1824,Vouzela,Viseu,2026-10-03,median_asking_price_sale,52475,42,False
1824,Vouzela,Viseu,2026-10-03,median_days_on_market,374,103,False
1824,Vouzela,Viseu,2026-10-03,median_rent_eur_m2,,0,True
1824,Vouzela,Viseu,2026-10-03,median_rent_month,,0,True
1824,Vouzela,Viseu,2026-10-03,price_reduced_share_pct,28.2,103,False
1824,Vouzela,Viseu,2026-10-03,short_term_rental_registrations,68,,False
1824,Vouzela,Viseu,2026-10-03,top_agency_share_pct,41.7,103,False
3101,Calheta,Ilha da Madeira,2026-10-03,agencies,4,219,False
3101,Calheta,Ilha da Madeira,2026-10-03,asking_vs_transaction_pct,244.3,126,False
3101,Calheta,Ilha da Madeira,2026-10-03,gross_rental_yield_pct,,1,True
3101,Calheta,Ilha da Madeira,2026-10-03,ine_transaction_eur_m2,1722,,False
3101,Calheta,Ilha da Madeira,2026-10-03,listings_rent,1,1,False
3101,Calheta,Ilha da Madeira,2026-10-03,listings_sale,218,218,False
3101,Calheta,Ilha da Madeira,2026-10-03,median_asking_eur_m2_sale,5929,126,False
3101,Calheta,Ilha da Madeira,2026-10-03,median_asking_price_sale,850000,130,False
3101,Calheta,Ilha da Madeira,2026-10-03,median_days_on_market,113,51,False
3101,Calheta,Ilha da Madeira,2026-10-03,median_rent_eur_m2,,1,True
3101,Calheta,Ilha da Madeira,2026-10-03,median_rent_month,,1,True
3101,Calheta,Ilha da Madeira,2026-10-03,price_reduced_share_pct,25.5,51,False
3101,Calheta,Ilha da Madeira,2026-10-03,top_agency_share_pct,76.7,219,False
3102,Câmara de Lobos,Ilha da Madeira,2026-10-03,agencies,4,186,False
3102,Câmara de Lobos,Ilha da Madeira,2026-10-03,asking_vs_transaction_pct,77.4,146,False
3102,Câmara de Lobos,Ilha da Madeira,2026-10-03,gross_rental_yield_pct,,0,True
3102,Câmara de Lobos,Ilha da Madeira,2026-10-03,ine_transaction_eur_m2,2500,,False
3102,Câmara de Lobos,Ilha da Madeira,2026-10-03,listings_rent,1,1,False
3102,Câmara de Lobos,Ilha da Madeira,2026-10-03,listings_sale,185,185,False
3102,Câmara de Lobos,Ilha da Madeira,2026-10-03,median_asking_eur_m2_sale,4434,146,False
3102,Câmara de Lobos,Ilha da Madeira,2026-10-03,median_asking_price_sale,457000,146,False
3102,Câmara de Lobos,Ilha da Madeira,2026-10-03,median_days_on_market,160,81,False
3102,Câmara de Lobos,Ilha da Madeira,2026-10-03,median_rent_eur_m2,,0,True
3102,Câmara de Lobos,Ilha da Madeira,2026-10-03,median_rent_month,,0,True
3102,Câmara de Lobos,Ilha da Madeira,2026-10-03,price_reduced_share_pct,2.5,80,False
3102,Câmara de Lobos,Ilha da Madeira,2026-10-03,top_agency_share_pct,56.5,186,False
3103,Funchal,Ilha da Madeira,2026-10-03,agencies,12,923,False
3103,Funchal,Ilha da Madeira,2026-10-03,asking_vs_transaction_pct,90.3,662,False
3103,Funchal,Ilha da Madeira,2026-10-03,gross_rental_yield_pct,,19,True
3103,Funchal,Ilha da Madeira,2026-10-03,ine_transaction_eur_m2,3322,,False
3103,Funchal,Ilha da Madeira,2026-10-03,listings_rent,40,40,False
3103,Funchal,Ilha da Madeira,2026-10-03,listings_sale,883,883,False
3103,Funchal,Ilha da Madeira,2026-10-03,median_asking_eur_m2_sale,6323,662,False
3103,Funchal,Ilha da Madeira,2026-10-03,median_asking_price_sale,630000,662,False
3103,Funchal,Ilha da Madeira,2026-10-03,median_days_on_market,309,255,False
3103,Funchal,Ilha da Madeira,2026-10-03,median_rent_eur_m2,,19,True
3103,Funchal,Ilha da Madeira,2026-10-03,median_rent_month,,19,True
3103,Funchal,Ilha da Madeira,2026-10-03,price_reduced_share_pct,17.0,253,False
3103,Funchal,Ilha da Madeira,2026-10-03,top_agency_share_pct,72.3,923,False
3104,Machico,Ilha da Madeira,2026-10-03,agencies,5,62,False
3104,Machico,Ilha da Madeira,2026-10-03,asking_vs_transaction_pct,135.7,38,False
3104,Machico,Ilha da Madeira,2026-10-03,gross_rental_yield_pct,,0,True
3104,Machico,Ilha da Madeira,2026-10-03,ine_transaction_eur_m2,2027,,False
3104,Machico,Ilha da Madeira,2026-10-03,listings_rent,0,0,False
3104,Machico,Ilha da Madeira,2026-10-03,listings_sale,62,62,False
3104,Machico,Ilha da Madeira,2026-10-03,median_asking_eur_m2_sale,4777,38,False
3104,Machico,Ilha da Madeira,2026-10-03,median_asking_price_sale,380000,39,False
3104,Machico,Ilha da Madeira,2026-10-03,median_days_on_market,,20,True
3104,Machico,Ilha da Madeira,2026-10-03,median_rent_eur_m2,,0,True
3104,Machico,Ilha da Madeira,2026-10-03,median_rent_month,,0,True
3104,Machico,Ilha da Madeira,2026-10-03,price_reduced_share_pct,,20,True
3104,Machico,Ilha da Madeira,2026-10-03,top_agency_share_pct,67.7,62,False
3105,Ponta do Sol,Ilha da Madeira,2026-10-03,agencies,3,60,False
3105,Ponta do Sol,Ilha da Madeira,2026-10-03,asking_vs_transaction_pct,223.5,30,False
3105,Ponta do Sol,Ilha da Madeira,2026-10-03,gross_rental_yield_pct,,0,True
3105,Ponta do Sol,Ilha da Madeira,2026-10-03,ine_transaction_eur_m2,1718,,False
3105,Ponta do Sol,Ilha da Madeira,2026-10-03,listings_rent,0,0,False
3105,Ponta do Sol,Ilha da Madeira,2026-10-03,listings_sale,60,60,False
3105,Ponta do Sol,Ilha da Madeira,2026-10-03,median_asking_eur_m2_sale,5557,30,False
3105,Ponta do Sol,Ilha da Madeira,2026-10-03,median_asking_price_sale,782500,30,False
3105,Ponta do Sol,Ilha da Madeira,2026-10-03,median_days_on_market,,24,True
3105,Ponta do Sol,Ilha da Madeira,2026-10-03,median_rent_eur_m2,,0,True
3105,Ponta do Sol,Ilha da Madeira,2026-10-03,median_rent_month,,0,True
3105,Ponta do Sol,Ilha da Madeira,2026-10-03,price_reduced_share_pct,,24,True
3105,Ponta do Sol,Ilha da Madeira,2026-10-03,top_agency_share_pct,60.0,60,False
3106,Porto Moniz,Ilha da Madeira,2026-10-03,agencies,2,28,False
3106,Porto Moniz,Ilha da Madeira,2026-10-03,asking_vs_transaction_pct,,11,True
3106,Porto Moniz,Ilha da Madeira,2026-10-03,gross_rental_yield_pct,,0,True
3106,Porto Moniz,Ilha da Madeira,2026-10-03,ine_transaction_eur_m2,1490,,False
3106,Porto Moniz,Ilha da Madeira,2026-10-03,listings_rent,0,0,False
3106,Porto Moniz,Ilha da Madeira,2026-10-03,listings_sale,28,28,False
3106,Porto Moniz,Ilha da Madeira,2026-10-03,median_asking_eur_m2_sale,,11,True
3106,Porto Moniz,Ilha da Madeira,2026-10-03,median_asking_price_sale,,11,True
3106,Porto Moniz,Ilha da Madeira,2026-10-03,median_days_on_market,,3,True
3106,Porto Moniz,Ilha da Madeira,2026-10-03,median_rent_eur_m2,,0,True
3106,Porto Moniz,Ilha da Madeira,2026-10-03,median_rent_month,,0,True
3106,Porto Moniz,Ilha da Madeira,2026-10-03,price_reduced_share_pct,,3,True
3107,Ribeira Brava,Ilha da Madeira,2026-10-03,agencies,6,63,False
3107,Ribeira Brava,Ilha da Madeira,2026-10-03,asking_vs_transaction_pct,305.2,33,False
3107,Ribeira Brava,Ilha da Madeira,2026-10-03,gross_rental_yield_pct,,0,True
3107,Ribeira Brava,Ilha da Madeira,2026-10-03,ine_transaction_eur_m2,1508,,False
3107,Ribeira Brava,Ilha da Madeira,2026-10-03,listings_rent,0,0,False
3107,Ribeira Brava,Ilha da Madeira,2026-10-03,listings_sale,63,63,False
3107,Ribeira Brava,Ilha da Madeira,2026-10-03,median_asking_eur_m2_sale,6111,33,False
3107,Ribeira Brava,Ilha da Madeira,2026-10-03,median_asking_price_sale,557500,34,False
3107,Ribeira Brava,Ilha da Madeira,2026-10-03,median_days_on_market,,14,True
3107,Ribeira Brava,Ilha da Madeira,2026-10-03,median_rent_eur_m2,,0,True
3107,Ribeira Brava,Ilha da Madeira,2026-10-03,median_rent_month,,0,True
3107,Ribeira Brava,Ilha da Madeira,2026-10-03,price_reduced_share_pct,,14,True
3107,Ribeira Brava,Ilha da Madeira,2026-10-03,top_agency_share_pct,77.8,63,False
3108,Santa Cruz,Ilha da Madeira,2026-10-03,agencies,4,348,False
3108,Santa Cruz,Ilha da Madeira,2026-10-03,asking_vs_transaction_pct,82.0,227,False
3108,Santa Cruz,Ilha da Madeira,2026-10-03,gross_rental_yield_pct,,8,True
3108,Santa Cruz,Ilha da Madeira,2026-10-03,ine_transaction_eur_m2,2617,,False
3108,Santa Cruz,Ilha da Madeira,2026-10-03,listings_rent,8,8,False
3108,Santa Cruz,Ilha da Madeira,2026-10-03,listings_sale,340,340,False
3108,Santa Cruz,Ilha da Madeira,2026-10-03,median_asking_eur_m2_sale,4762,227,False
3108,Santa Cruz,Ilha da Madeira,2026-10-03,median_asking_price_sale,460000,228,False
3108,Santa Cruz,Ilha da Madeira,2026-10-03,median_days_on_market,160,89,False
3108,Santa Cruz,Ilha da Madeira,2026-10-03,median_rent_eur_m2,,8,True
3108,Santa Cruz,Ilha da Madeira,2026-10-03,median_rent_month,,8,True
3108,Santa Cruz,Ilha da Madeira,2026-10-03,price_reduced_share_pct,20.5,88,False
3108,Santa Cruz,Ilha da Madeira,2026-10-03,top_agency_share_pct,74.4,348,False
3109,Santana,Ilha da Madeira,2026-10-03,agencies,5,70,False
3109,Santana,Ilha da Madeira,2026-10-03,asking_vs_transaction_pct,,17,True
3109,Santana,Ilha da Madeira,2026-10-03,gross_rental_yield_pct,,2,True
3109,Santana,Ilha da Madeira,2026-10-03,ine_transaction_eur_m2,1605,,False
3109,Santana,Ilha da Madeira,2026-10-03,listings_rent,3,3,False
3109,Santana,Ilha da Madeira,2026-10-03,listings_sale,67,67,False
3109,Santana,Ilha da Madeira,2026-10-03,median_asking_eur_m2_sale,,17,True
3109,Santana,Ilha da Madeira,2026-10-03,median_asking_price_sale,,17,True
3109,Santana,Ilha da Madeira,2026-10-03,median_days_on_market,320,34,False
3109,Santana,Ilha da Madeira,2026-10-03,median_rent_eur_m2,,2,True
3109,Santana,Ilha da Madeira,2026-10-03,median_rent_month,,2,True
3109,Santana,Ilha da Madeira,2026-10-03,price_reduced_share_pct,20.6,34,False
3109,Santana,Ilha da Madeira,2026-10-03,top_agency_share_pct,51.4,70,False
3110,São Vicente,Ilha da Madeira,2026-10-03,agencies,2,48,False
3110,São Vicente,Ilha da Madeira,2026-10-03,asking_vs_transaction_pct,,10,True
3110,São Vicente,Ilha da Madeira,2026-10-03,gross_rental_yield_pct,,0,True
3110,São Vicente,Ilha da Madeira,2026-10-03,ine_transaction_eur_m2,1331,,False
3110,São Vicente,Ilha da Madeira,2026-10-03,listings_rent,0,0,False
3110,São Vicente,Ilha da Madeira,2026-10-03,listings_sale,48,48,False
3110,São Vicente,Ilha da Madeira,2026-10-03,median_asking_eur_m2_sale,,10,True
3110,São Vicente,Ilha da Madeira,2026-10-03,median_asking_price_sale,,10,True
3110,São Vicente,Ilha da Madeira,2026-10-03,median_days_on_market,,7,True
3110,São Vicente,Ilha da Madeira,2026-10-03,median_rent_eur_m2,,0,True
3110,São Vicente,Ilha da Madeira,2026-10-03,median_rent_month,,0,True
3110,São Vicente,Ilha da Madeira,2026-10-03,price_reduced_share_pct,,7,True
3110,São Vicente,Ilha da Madeira,2026-10-03,top_agency_share_pct,85.4,48,False
3201,Porto Santo,Ilha de Porto Santo,2026-10-03,agencies,5,33,False
3201,Porto Santo,Ilha de Porto Santo,2026-10-03,asking_vs_transaction_pct,,11,True
3201,Porto Santo,Ilha de Porto Santo,2026-10-03,gross_rental_yield_pct,,0,True
3201,Porto Santo,Ilha de Porto Santo,2026-10-03,ine_transaction_eur_m2,2484,,False
3201,Porto Santo,Ilha de Porto Santo,2026-10-03,listings_rent,0,0,False
3201,Porto Santo,Ilha de Porto Santo,2026-10-03,listings_sale,33,33,False
3201,Porto Santo,Ilha de Porto Santo,2026-10-03,median_asking_eur_m2_sale,,11,True
3201,Porto Santo,Ilha de Porto Santo,2026-10-03,median_asking_price_sale,,11,True
3201,Porto Santo,Ilha de Porto Santo,2026-10-03,median_days_on_market,,9,True
3201,Porto Santo,Ilha de Porto Santo,2026-10-03,median_rent_eur_m2,,0,True
3201,Porto Santo,Ilha de Porto Santo,2026-10-03,median_rent_month,,0,True
3201,Porto Santo,Ilha de Porto Santo,2026-10-03,price_reduced_share_pct,,9,True
3201,Porto Santo,Ilha de Porto Santo,2026-10-03,top_agency_share_pct,72.7,33,False
4101,Vila do Porto,Ilha de Santa Maria,2026-10-03,agencies,4,85,False
4101,Vila do Porto,Ilha de Santa Maria,2026-10-03,asking_vs_transaction_pct,17.5,51,False
4101,Vila do Porto,Ilha de Santa Maria,2026-10-03,gross_rental_yield_pct,,0,True
4101,Vila do Porto,Ilha de Santa Maria,2026-10-03,ine_transaction_eur_m2,1409,,False
4101,Vila do Porto,Ilha de Santa Maria,2026-10-03,listings_rent,1,1,False
4101,Vila do Porto,Ilha de Santa Maria,2026-10-03,listings_sale,84,84,False
4101,Vila do Porto,Ilha de Santa Maria,2026-10-03,median_asking_eur_m2_sale,1656,51,False
4101,Vila do Porto,Ilha de Santa Maria,2026-10-03,median_asking_price_sale,159000,51,False
4101,Vila do Porto,Ilha de Santa Maria,2026-10-03,median_days_on_market,663,41,False
4101,Vila do Porto,Ilha de Santa Maria,2026-10-03,median_rent_eur_m2,,0,True
4101,Vila do Porto,Ilha de Santa Maria,2026-10-03,median_rent_month,,0,True
4101,Vila do Porto,Ilha de Santa Maria,2026-10-03,price_reduced_share_pct,9.8,41,False
4101,Vila do Porto,Ilha de Santa Maria,2026-10-03,top_agency_share_pct,51.8,85,False
4201,Lagoa (Açores),Ilha de São Miguel,2026-10-03,agencies,3,76,False
4201,Lagoa (Açores),Ilha de São Miguel,2026-10-03,asking_vs_transaction_pct,,23,True
4201,Lagoa (Açores),Ilha de São Miguel,2026-10-03,gross_rental_yield_pct,,2,True
4201,Lagoa (Açores),Ilha de São Miguel,2026-10-03,ine_transaction_eur_m2,1761,,False
4201,Lagoa (Açores),Ilha de São Miguel,2026-10-03,listings_rent,3,3,False
4201,Lagoa (Açores),Ilha de São Miguel,2026-10-03,listings_sale,73,73,False
4201,Lagoa (Açores),Ilha de São Miguel,2026-10-03,median_asking_eur_m2_sale,,23,True
4201,Lagoa (Açores),Ilha de São Miguel,2026-10-03,median_asking_price_sale,,23,True
4201,Lagoa (Açores),Ilha de São Miguel,2026-10-03,median_days_on_market,168,57,False
4201,Lagoa (Açores),Ilha de São Miguel,2026-10-03,median_rent_eur_m2,,2,True
4201,Lagoa (Açores),Ilha de São Miguel,2026-10-03,median_rent_month,,2,True
4201,Lagoa (Açores),Ilha de São Miguel,2026-10-03,price_reduced_share_pct,22.8,57,False
4201,Lagoa (Açores),Ilha de São Miguel,2026-10-03,top_agency_share_pct,52.6,76,False
4202,Nordeste,Ilha de São Miguel,2026-10-03,agencies,4,48,False
4202,Nordeste,Ilha de São Miguel,2026-10-03,asking_vs_transaction_pct,,28,True
4202,Nordeste,Ilha de São Miguel,2026-10-03,gross_rental_yield_pct,,0,True
4202,Nordeste,Ilha de São Miguel,2026-10-03,ine_transaction_eur_m2,1164,,False
4202,Nordeste,Ilha de São Miguel,2026-10-03,listings_rent,0,0,False
4202,Nordeste,Ilha de São Miguel,2026-10-03,listings_sale,48,48,False
4202,Nordeste,Ilha de São Miguel,2026-10-03,median_asking_eur_m2_sale,,28,True
4202,Nordeste,Ilha de São Miguel,2026-10-03,median_asking_price_sale,,28,True
4202,Nordeste,Ilha de São Miguel,2026-10-03,median_days_on_market,,26,True
4202,Nordeste,Ilha de São Miguel,2026-10-03,median_rent_eur_m2,,0,True
4202,Nordeste,Ilha de São Miguel,2026-10-03,median_rent_month,,0,True
4202,Nordeste,Ilha de São Miguel,2026-10-03,price_reduced_share_pct,,26,True
4202,Nordeste,Ilha de São Miguel,2026-10-03,top_agency_share_pct,45.8,48,False
4203,Ponta Delgada,Ilha de São Miguel,2026-10-03,agencies,9,343,False
4203,Ponta Delgada,Ilha de São Miguel,2026-10-03,asking_vs_transaction_pct,47.5,195,False
4203,Ponta Delgada,Ilha de São Miguel,2026-10-03,gross_rental_yield_pct,,5,True
4203,Ponta Delgada,Ilha de São Miguel,2026-10-03,ine_transaction_eur_m2,2017,,False
4203,Ponta Delgada,Ilha de São Miguel,2026-10-03,listings_rent,13,13,False
4203,Ponta Delgada,Ilha de São Miguel,2026-10-03,listings_sale,330,330,False
4203,Ponta Delgada,Ilha de São Miguel,2026-10-03,median_asking_eur_m2_sale,2975,195,False
4203,Ponta Delgada,Ilha de São Miguel,2026-10-03,median_asking_price_sale,399000,195,False
4203,Ponta Delgada,Ilha de São Miguel,2026-10-03,median_days_on_market,160,226,False
4203,Ponta Delgada,Ilha de São Miguel,2026-10-03,median_rent_eur_m2,,5,True
4203,Ponta Delgada,Ilha de São Miguel,2026-10-03,median_rent_month,,5,True
4203,Ponta Delgada,Ilha de São Miguel,2026-10-03,price_reduced_share_pct,27.0,226,False
4203,Ponta Delgada,Ilha de São Miguel,2026-10-03,top_agency_share_pct,36.4,343,False
4204,Povoação,Ilha de São Miguel,2026-10-03,agencies,4,26,False
4204,Povoação,Ilha de São Miguel,2026-10-03,asking_vs_transaction_pct,,15,True
4204,Povoação,Ilha de São Miguel,2026-10-03,gross_rental_yield_pct,,0,True
4204,Povoação,Ilha de São Miguel,2026-10-03,ine_transaction_eur_m2,1426,,False
4204,Povoação,Ilha de São Miguel,2026-10-03,listings_rent,0,0,False
4204,Povoação,Ilha de São Miguel,2026-10-03,listings_sale,26,26,False
4204,Povoação,Ilha de São Miguel,2026-10-03,median_asking_eur_m2_sale,,15,True
4204,Povoação,Ilha de São Miguel,2026-10-03,median_asking_price_sale,,15,True
4204,Povoação,Ilha de São Miguel,2026-10-03,median_days_on_market,,23,True
4204,Povoação,Ilha de São Miguel,2026-10-03,median_rent_eur_m2,,0,True
4204,Povoação,Ilha de São Miguel,2026-10-03,median_rent_month,,0,True
4204,Povoação,Ilha de São Miguel,2026-10-03,price_reduced_share_pct,,23,True
4205,Ribeira Grande,Ilha de São Miguel,2026-10-03,agencies,5,197,False
4205,Ribeira Grande,Ilha de São Miguel,2026-10-03,asking_vs_transaction_pct,51.3,91,False
4205,Ribeira Grande,Ilha de São Miguel,2026-10-03,gross_rental_yield_pct,,0,True
4205,Ribeira Grande,Ilha de São Miguel,2026-10-03,ine_transaction_eur_m2,1565,,False
4205,Ribeira Grande,Ilha de São Miguel,2026-10-03,listings_rent,2,2,False
4205,Ribeira Grande,Ilha de São Miguel,2026-10-03,listings_sale,195,195,False
4205,Ribeira Grande,Ilha de São Miguel,2026-10-03,median_asking_eur_m2_sale,2368,91,False
4205,Ribeira Grande,Ilha de São Miguel,2026-10-03,median_asking_price_sale,350000,91,False
4205,Ribeira Grande,Ilha de São Miguel,2026-10-03,median_days_on_market,175,139,False
4205,Ribeira Grande,Ilha de São Miguel,2026-10-03,median_rent_eur_m2,,0,True
4205,Ribeira Grande,Ilha de São Miguel,2026-10-03,median_rent_month,,0,True
4205,Ribeira Grande,Ilha de São Miguel,2026-10-03,price_reduced_share_pct,33.8,139,False
4205,Ribeira Grande,Ilha de São Miguel,2026-10-03,top_agency_share_pct,38.6,197,False
4206,Vila Franca do Campo,Ilha de São Miguel,2026-10-03,agencies,5,17,False
4206,Vila Franca do Campo,Ilha de São Miguel,2026-10-03,asking_vs_transaction_pct,,10,True
4206,Vila Franca do Campo,Ilha de São Miguel,2026-10-03,gross_rental_yield_pct,,0,True
4206,Vila Franca do Campo,Ilha de São Miguel,2026-10-03,ine_transaction_eur_m2,1585,,False
4206,Vila Franca do Campo,Ilha de São Miguel,2026-10-03,listings_rent,0,0,False
4206,Vila Franca do Campo,Ilha de São Miguel,2026-10-03,listings_sale,17,17,False
4206,Vila Franca do Campo,Ilha de São Miguel,2026-10-03,median_asking_eur_m2_sale,,10,True
4206,Vila Franca do Campo,Ilha de São Miguel,2026-10-03,median_asking_price_sale,,11,True
4206,Vila Franca do Campo,Ilha de São Miguel,2026-10-03,median_days_on_market,,8,True
4206,Vila Franca do Campo,Ilha de São Miguel,2026-10-03,median_rent_eur_m2,,0,True
4206,Vila Franca do Campo,Ilha de São Miguel,2026-10-03,median_rent_month,,0,True
4206,Vila Franca do Campo,Ilha de São Miguel,2026-10-03,price_reduced_share_pct,,8,True
4301,Angra do Heroísmo,Ilha Terceira,2026-10-03,agencies,4,109,False
4301,Angra do Heroísmo,Ilha Terceira,2026-10-03,asking_vs_transaction_pct,55.1,63,False
4301,Angra do Heroísmo,Ilha Terceira,2026-10-03,gross_rental_yield_pct,,0,True
4301,Angra do Heroísmo,Ilha Terceira,2026-10-03,ine_transaction_eur_m2,1316,,False
4301,Angra do Heroísmo,Ilha Terceira,2026-10-03,listings_rent,1,1,False
4301,Angra do Heroísmo,Ilha Terceira,2026-10-03,listings_sale,108,108,False
4301,Angra do Heroísmo,Ilha Terceira,2026-10-03,median_asking_eur_m2_sale,2041,63,False
4301,Angra do Heroísmo,Ilha Terceira,2026-10-03,median_asking_price_sale,270000,63,False
4301,Angra do Heroísmo,Ilha Terceira,2026-10-03,median_days_on_market,184,106,False
4301,Angra do Heroísmo,Ilha Terceira,2026-10-03,median_rent_eur_m2,,0,True
4301,Angra do Heroísmo,Ilha Terceira,2026-10-03,median_rent_month,,0,True
4301,Angra do Heroísmo,Ilha Terceira,2026-10-03,price_reduced_share_pct,28.3,106,False
4301,Angra do Heroísmo,Ilha Terceira,2026-10-03,top_agency_share_pct,89.9,109,False
4302,Praia da Vitória,Ilha Terceira,2026-10-03,agencies,4,94,False
4302,Praia da Vitória,Ilha Terceira,2026-10-03,asking_vs_transaction_pct,56.1,41,False
4302,Praia da Vitória,Ilha Terceira,2026-10-03,gross_rental_yield_pct,,0,True
4302,Praia da Vitória,Ilha Terceira,2026-10-03,ine_transaction_eur_m2,1349,,False
4302,Praia da Vitória,Ilha Terceira,2026-10-03,listings_rent,1,1,False
4302,Praia da Vitória,Ilha Terceira,2026-10-03,listings_sale,93,93,False
4302,Praia da Vitória,Ilha Terceira,2026-10-03,median_asking_eur_m2_sale,2106,41,False
4302,Praia da Vitória,Ilha Terceira,2026-10-03,median_asking_price_sale,250000,41,False
4302,Praia da Vitória,Ilha Terceira,2026-10-03,median_days_on_market,186,84,False
4302,Praia da Vitória,Ilha Terceira,2026-10-03,median_rent_eur_m2,,0,True
4302,Praia da Vitória,Ilha Terceira,2026-10-03,median_rent_month,,0,True
4302,Praia da Vitória,Ilha Terceira,2026-10-03,price_reduced_share_pct,34.5,84,False
4302,Praia da Vitória,Ilha Terceira,2026-10-03,top_agency_share_pct,73.4,94,False
4401,Santa Cruz da Graciosa,Ilha da Graciosa,2026-10-03,agencies,4,5,False
4401,Santa Cruz da Graciosa,Ilha da Graciosa,2026-10-03,asking_vs_transaction_pct,,5,True
4401,Santa Cruz da Graciosa,Ilha da Graciosa,2026-10-03,gross_rental_yield_pct,,0,True
4401,Santa Cruz da Graciosa,Ilha da Graciosa,2026-10-03,ine_transaction_eur_m2,560,,False
4401,Santa Cruz da Graciosa,Ilha da Graciosa,2026-10-03,listings_rent,0,0,False
4401,Santa Cruz da Graciosa,Ilha da Graciosa,2026-10-03,listings_sale,5,5,False
4401,Santa Cruz da Graciosa,Ilha da Graciosa,2026-10-03,median_asking_eur_m2_sale,,5,True
4401,Santa Cruz da Graciosa,Ilha da Graciosa,2026-10-03,median_asking_price_sale,,5,True
4401,Santa Cruz da Graciosa,Ilha da Graciosa,2026-10-03,median_days_on_market,,4,True
4401,Santa Cruz da Graciosa,Ilha da Graciosa,2026-10-03,median_rent_eur_m2,,0,True
4401,Santa Cruz da Graciosa,Ilha da Graciosa,2026-10-03,median_rent_month,,0,True
4401,Santa Cruz da Graciosa,Ilha da Graciosa,2026-10-03,price_reduced_share_pct,,4,True
4501,Calheta de São Jorge,Ilha de São Jorge,2026-10-03,agencies,2,3,False
4501,Calheta de São Jorge,Ilha de São Jorge,2026-10-03,asking_vs_transaction_pct,,3,True
4501,Calheta de São Jorge,Ilha de São Jorge,2026-10-03,gross_rental_yield_pct,,0,True
4501,Calheta de São Jorge,Ilha de São Jorge,2026-10-03,ine_transaction_eur_m2,697,,False
4501,Calheta de São Jorge,Ilha de São Jorge,2026-10-03,listings_rent,0,0,False
4501,Calheta de São Jorge,Ilha de São Jorge,2026-10-03,listings_sale,3,3,False
4501,Calheta de São Jorge,Ilha de São Jorge,2026-10-03,median_asking_eur_m2_sale,,3,True
4501,Calheta de São Jorge,Ilha de São Jorge,2026-10-03,median_asking_price_sale,,3,True
4501,Calheta de São Jorge,Ilha de São Jorge,2026-10-03,median_days_on_market,,0,True
4501,Calheta de São Jorge,Ilha de São Jorge,2026-10-03,median_rent_eur_m2,,0,True
4501,Calheta de São Jorge,Ilha de São Jorge,2026-10-03,median_rent_month,,0,True
4501,Calheta de São Jorge,Ilha de São Jorge,2026-10-03,price_reduced_share_pct,,0,True
4502,Velas,Ilha de São Jorge,2026-10-03,agencies,5,12,False
4502,Velas,Ilha de São Jorge,2026-10-03,asking_vs_transaction_pct,,6,True
4502,Velas,Ilha de São Jorge,2026-10-03,gross_rental_yield_pct,,0,True
4502,Velas,Ilha de São Jorge,2026-10-03,ine_transaction_eur_m2,1103,,False
4502,Velas,Ilha de São Jorge,2026-10-03,listings_rent,1,1,False
4502,Velas,Ilha de São Jorge,2026-10-03,listings_sale,11,11,False
4502,Velas,Ilha de São Jorge,2026-10-03,median_asking_eur_m2_sale,,6,True
4502,Velas,Ilha de São Jorge,2026-10-03,median_asking_price_sale,,6,True
4502,Velas,Ilha de São Jorge,2026-10-03,median_days_on_market,,9,True
4502,Velas,Ilha de São Jorge,2026-10-03,median_rent_eur_m2,,0,True
4502,Velas,Ilha de São Jorge,2026-10-03,median_rent_month,,0,True
4502,Velas,Ilha de São Jorge,2026-10-03,price_reduced_share_pct,,9,True
4601,Lajes do Pico,Ilha do Pico,2026-10-03,agencies,8,13,False
4601,Lajes do Pico,Ilha do Pico,2026-10-03,asking_vs_transaction_pct,,6,True
4601,Lajes do Pico,Ilha do Pico,2026-10-03,gross_rental_yield_pct,,0,True
4601,Lajes do Pico,Ilha do Pico,2026-10-03,ine_transaction_eur_m2,1138,,False
4601,Lajes do Pico,Ilha do Pico,2026-10-03,listings_rent,0,0,False
4601,Lajes do Pico,Ilha do Pico,2026-10-03,listings_sale,13,13,False
4601,Lajes do Pico,Ilha do Pico,2026-10-03,median_asking_eur_m2_sale,,6,True
4601,Lajes do Pico,Ilha do Pico,2026-10-03,median_asking_price_sale,,6,True
4601,Lajes do Pico,Ilha do Pico,2026-10-03,median_days_on_market,,8,True
4601,Lajes do Pico,Ilha do Pico,2026-10-03,median_rent_eur_m2,,0,True
4601,Lajes do Pico,Ilha do Pico,2026-10-03,median_rent_month,,0,True
4601,Lajes do Pico,Ilha do Pico,2026-10-03,price_reduced_share_pct,,8,True
4602,Madalena,Ilha do Pico,2026-10-03,agencies,5,26,False
4602,Madalena,Ilha do Pico,2026-10-03,asking_vs_transaction_pct,,9,True
4602,Madalena,Ilha do Pico,2026-10-03,gross_rental_yield_pct,,0,True
4602,Madalena,Ilha do Pico,2026-10-03,ine_transaction_eur_m2,1118,,False
4602,Madalena,Ilha do Pico,2026-10-03,listings_rent,0,0,False
4602,Madalena,Ilha do Pico,2026-10-03,listings_sale,26,26,False
4602,Madalena,Ilha do Pico,2026-10-03,median_asking_eur_m2_sale,,9,True
4602,Madalena,Ilha do Pico,2026-10-03,median_asking_price_sale,,9,True
4602,Madalena,Ilha do Pico,2026-10-03,median_days_on_market,,19,True
4602,Madalena,Ilha do Pico,2026-10-03,median_rent_eur_m2,,0,True
4602,Madalena,Ilha do Pico,2026-10-03,median_rent_month,,0,True
4602,Madalena,Ilha do Pico,2026-10-03,price_reduced_share_pct,,19,True
4603,São Roque do Pico,Ilha do Pico,2026-10-03,agencies,6,29,False
4603,São Roque do Pico,Ilha do Pico,2026-10-03,asking_vs_transaction_pct,,15,True
4603,São Roque do Pico,Ilha do Pico,2026-10-03,gross_rental_yield_pct,,0,True
4603,São Roque do Pico,Ilha do Pico,2026-10-03,ine_transaction_eur_m2,1390,,False
4603,São Roque do Pico,Ilha do Pico,2026-10-03,listings_rent,0,0,False
4603,São Roque do Pico,Ilha do Pico,2026-10-03,listings_sale,29,29,False
4603,São Roque do Pico,Ilha do Pico,2026-10-03,median_asking_eur_m2_sale,,15,True
4603,São Roque do Pico,Ilha do Pico,2026-10-03,median_asking_price_sale,,15,True
4603,São Roque do Pico,Ilha do Pico,2026-10-03,median_days_on_market,,18,True
4603,São Roque do Pico,Ilha do Pico,2026-10-03,median_rent_eur_m2,,0,True
4603,São Roque do Pico,Ilha do Pico,2026-10-03,median_rent_month,,0,True
4603,São Roque do Pico,Ilha do Pico,2026-10-03,price_reduced_share_pct,,18,True
4701,Horta,Ilha do Faial,2026-10-03,agencies,7,20,False
4701,Horta,Ilha do Faial,2026-10-03,asking_vs_transaction_pct,,9,True
4701,Horta,Ilha do Faial,2026-10-03,gross_rental_yield_pct,,0,True
4701,Horta,Ilha do Faial,2026-10-03,ine_transaction_eur_m2,1359,,False
4701,Horta,Ilha do Faial,2026-10-03,listings_rent,1,1,False
4701,Horta,Ilha do Faial,2026-10-03,listings_sale,19,19,False
4701,Horta,Ilha do Faial,2026-10-03,median_asking_eur_m2_sale,,9,True
4701,Horta,Ilha do Faial,2026-10-03,median_asking_price_sale,,9,True
4701,Horta,Ilha do Faial,2026-10-03,median_days_on_market,,19,True
4701,Horta,Ilha do Faial,2026-10-03,median_rent_eur_m2,,0,True
4701,Horta,Ilha do Faial,2026-10-03,median_rent_month,,0,True
4701,Horta,Ilha do Faial,2026-10-03,price_reduced_share_pct,,19,True
4801,Lajes das Flores,Ilha das Flores,2026-10-03,agencies,2,8,False
4801,Lajes das Flores,Ilha das Flores,2026-10-03,gross_rental_yield_pct,,0,True
4801,Lajes das Flores,Ilha das Flores,2026-10-03,listings_rent,0,0,False
4801,Lajes das Flores,Ilha das Flores,2026-10-03,listings_sale,8,8,False
4801,Lajes das Flores,Ilha das Flores,2026-10-03,median_asking_eur_m2_sale,,2,True
4801,Lajes das Flores,Ilha das Flores,2026-10-03,median_asking_price_sale,,2,True
4801,Lajes das Flores,Ilha das Flores,2026-10-03,median_days_on_market,,8,True
4801,Lajes das Flores,Ilha das Flores,2026-10-03,median_rent_eur_m2,,0,True
4801,Lajes das Flores,Ilha das Flores,2026-10-03,median_rent_month,,0,True
4801,Lajes das Flores,Ilha das Flores,2026-10-03,price_reduced_share_pct,,8,True
4802,Santa Cruz das Flores,Ilha das Flores,2026-10-03,agencies,3,4,False
4802,Santa Cruz das Flores,Ilha das Flores,2026-10-03,gross_rental_yield_pct,,0,True
4802,Santa Cruz das Flores,Ilha das Flores,2026-10-03,listings_rent,0,0,False
4802,Santa Cruz das Flores,Ilha das Flores,2026-10-03,listings_sale,4,4,False
4802,Santa Cruz das Flores,Ilha das Flores,2026-10-03,median_asking_eur_m2_sale,,4,True
4802,Santa Cruz das Flores,Ilha das Flores,2026-10-03,median_asking_price_sale,,4,True
4802,Santa Cruz das Flores,Ilha das Flores,2026-10-03,median_days_on_market,,4,True
4802,Santa Cruz das Flores,Ilha das Flores,2026-10-03,median_rent_eur_m2,,0,True
4802,Santa Cruz das Flores,Ilha das Flores,2026-10-03,median_rent_month,,0,True
4802,Santa Cruz das Flores,Ilha das Flores,2026-10-03,price_reduced_share_pct,,4,True
4901,Corvo,Ilha do Corvo,2026-10-03,agencies,0,0,False
4901,Corvo,Ilha do Corvo,2026-10-03,gross_rental_yield_pct,,0,True
4901,Corvo,Ilha do Corvo,2026-10-03,listings_rent,0,0,False
4901,Corvo,Ilha do Corvo,2026-10-03,listings_sale,0,0,False
4901,Corvo,Ilha do Corvo,2026-10-03,median_asking_eur_m2_sale,,0,True
4901,Corvo,Ilha do Corvo,2026-10-03,median_asking_price_sale,,0,True
4901,Corvo,Ilha do Corvo,2026-10-03,median_days_on_market,,0,True
4901,Corvo,Ilha do Corvo,2026-10-03,median_rent_eur_m2,,0,True
4901,Corvo,Ilha do Corvo,2026-10-03,median_rent_month,,0,True
4901,Corvo,Ilha do Corvo,2026-10-03,price_reduced_share_pct,,0,True
